PLAYER,TEAM,AGE,Less Than 5 ft. FGM,Less Than 5 ft. FGA,Less Than 5 ft. FG PCT,5-9 ft. FGM,5-9 ft. FGA,5-9 ft. FG PCT,10-14 ft. FGM,10-14 ft. FGA,10-14 ft. FG PCT,15-19 ft. FGM,15-19 ft. FGA,15-19 ft. FG PCT,20-24 ft. FGM,20-24 ft. FGA,20-24 ft. FG PCT,25-29 ft. FGM,25-29 ft. FGA,25-29 ft. FG PCT
Aaron Gordon,ORL,23,3.2,5.2,60.9,0.3,1.0,34.7,0.5,1.3,38.4,0.4,1.3,29.6,0.8,2.0,40.4,0.9,2.7,32.7
Aaron Holiday,IND,22,0.6,1.1,58.2,0.2,0.5,31.8,0.1,0.4,31.3,0.3,0.7,41.2,0.3,0.7,40.6,0.7,2.0,34.7
Abdel Nader,OKC,25,0.8,1.4,56.5,0.2,0.4,39.1,0.0,0.1,0.0,0.0,0.0,0.0,0.3,0.9,36.4,0.3,0.8,30.4
Al Horford,BOS,33,2.3,3.4,68.8,0.8,1.4,55.3,0.5,1.0,49.3,0.8,1.4,55.8,0.4,1.3,35.3,0.9,2.1,39.7
Al-Farouq Aminu,POR,28,1.7,2.9,59.6,0.2,0.4,37.1,0.0,0.2,13.3,0.0,0.2,22.2,0.7,2.0,36.6,0.5,1.6,30.2
Alan Williams,BKN,26,0.8,1.0,80.0,0.4,0.8,50.0,0.4,0.6,66.7,0.0,0.0,0.0,0.0,0.0,0.0,0.0,0.2,0.0
Alec Burks,SAC,27,1.5,2.7,55.5,0.2,0.7,23.9,0.1,0.5,26.7,0.2,0.8,25.5,0.4,1.0,38.1,0.7,1.8,36.6
Alex Abrines,OKC,25,0.3,0.6,55.6,0.0,0.1,0.0,0.0,0.0,0.0,0.1,0.2,40.0,0.7,1.9,37.9,0.7,2.2,30.4
Alex Caruso,LAL,25,1.7,3.5,49.4,0.2,0.4,45.5,0.2,0.7,25.0,0.1,0.4,33.3,0.4,0.9,42.9,0.6,1.3,46.9
Alex Len,ATL,26,2.8,4.6,61.2,0.2,0.6,34.7,0.1,0.2,31.6,0.1,0.2,23.5,0.6,1.6,34.1,0.4,1.0,40.0
Alex Poythress,ATL,25,1.4,2.5,56.6,0.0,0.1,33.3,0.0,0.0,0.0,0.0,0.1,0.0,0.4,1.0,42.1,0.0,0.2,25.0
Alfonzo McKinnie,GSW,26,1.1,1.7,66.1,0.1,0.2,26.7,0.1,0.1,50.0,0.0,0.1,33.3,0.4,1.2,32.1,0.3,0.6,40.9
Alize Johnson,IND,23,0.1,0.4,33.3,0.1,0.4,20.0,0.0,0.1,0.0,0.0,0.1,0.0,0.1,0.2,50.0,0.0,0.1,0.0
Allen Crabbe,BKN,27,0.5,0.9,52.6,0.1,0.3,20.0,0.2,0.4,47.1,0.1,0.6,22.2,1.1,2.7,41.2,1.2,3.7,33.3
Allonzo Trier,NYK,23,1.9,3.5,54.1,0.1,0.2,33.3,0.3,0.8,41.2,0.4,1.3,33.3,0.3,0.9,39.3,0.6,1.4,40.2
Amile Jefferson,ORL,26,0.8,1.1,76.9,0.0,0.3,0.0,0.0,0.0,0.0,0.0,0.0,0.0,0.0,0.0,0.0,0.0,0.0,0.0
Amir Johnson,PHI,32,1.1,1.5,68.4,0.2,0.6,31.3,0.0,0.1,66.7,0.0,0.0,100,0.1,0.3,17.6,0.2,0.5,37.5
Andre Drummond,DET,25,6.2,10.3,59.6,0.7,2.0,37.8,0.1,0.4,31.3,0.0,0.1,11.1,0.0,0.2,16.7,0.0,0.3,15.0
Andre Iguodala,GSW,35,1.4,1.6,82.1,0.0,0.1,0.0,0.1,0.2,30.8,0.1,0.3,29.4,0.4,1.1,37.7,0.3,1.1,28.4
Andre Ingram,LAL,33,0.0,0.0,0.0,0.0,0.5,0.0,0.0,0.3,0.0,0.0,0.3,0.0,0.0,0.3,0.0,0.0,0.5,0.0
Andrew Bogut,GSW,34,1.3,2.3,56.0,0.2,0.5,33.3,0.2,0.4,50.0,0.0,0.1,0.0,0.0,0.0,0.0,0.0,0.0,0.0
Andrew Harrison,NOP,24,0.5,0.9,53.3,0.1,0.2,33.3,0.1,0.3,50.0,0.0,0.3,0.0,0.1,0.7,9.1,0.2,0.8,28.6
Andrew Wiggins,MIN,24,3.0,5.4,55.8,0.5,1.4,38.5,0.5,1.6,33.3,0.8,2.5,31.7,1.0,2.7,38.8,0.9,2.9,31.4
Anfernee Simons,POR,20,0.5,0.7,76.9,0.1,0.5,25.0,0.1,0.4,33.3,0.3,0.5,57.1,0.2,0.7,33.3,0.3,0.9,35.3
Angel Delgado,LAC,24,0.5,2.5,20.0,0.0,0.0,0.0,0.0,0.0,0.0,0.0,0.0,0.0,0.0,0.0,0.0,0.0,0.0,0.0
Ante Zizic,CLE,22,2.4,3.8,63.3,0.3,1.0,34.5,0.3,0.6,45.5,0.1,0.3,35.3,0.0,0.0,0.0,0.0,0.0,0.0
Anthony Davis,NOP,26,5.7,8.1,70.3,1.0,2.6,38.4,1.0,2.3,41.5,0.7,2.1,32.2,0.5,1.2,42.4,0.6,1.9,31.5
Anthony Tolliver,MIN,34,0.2,0.4,46.2,0.0,0.1,25.0,0.0,0.0,0.0,0.0,0.1,75.0,0.5,1.6,31.3,0.8,1.8,43.1
Antonio Blakeney,CHI,22,0.8,1.3,57.5,0.5,1.1,47.3,0.6,1.5,37.6,0.4,1.3,27.5,0.7,1.4,49.3,0.2,0.7,26.3
Aron Baynes,BOS,32,1.3,2.4,55.4,0.1,0.3,41.2,0.1,0.3,46.2,0.1,0.2,36.4,0.1,0.3,43.8,0.3,0.9,31.1
Austin Rivers,HOU,26,1.3,2.2,57.8,0.3,0.8,42.4,0.1,0.2,31.3,0.0,0.0,33.3,0.5,1.6,33.6,0.9,2.7,31.7
Avery Bradley,MEM,28,0.8,1.8,45.7,0.3,0.7,37.2,0.2,0.5,38.2,0.8,1.7,46.4,1.2,3.1,39.7,0.6,1.7,36.5
BJ Johnson,SAC,23,0.3,0.7,40.0,0.2,0.2,100,0.5,0.8,66.7,0.2,0.4,50.0,0.4,0.6,75.0,0.0,0.4,0.0
Bam Adebayo,MIA,21,2.8,4.1,67.7,0.2,0.7,33.9,0.3,0.7,37.5,0.1,0.2,44.4,0.0,0.1,0.0,0.0,0.1,42.9
Ben McLemore,SAC,26,0.2,0.5,44.4,0.0,0.2,0.0,0.0,0.1,0.0,0.2,0.3,60.0,0.6,1.6,35.7,0.4,0.9,47.1
Ben Simmons,PHI,22,5.6,8.6,65.0,1.0,2.3,42.5,0.2,0.9,25.4,0.0,0.3,9.5,0.0,0.0,100,0.0,0.1,0.0
Billy Garrett,NYK,24,1.3,1.5,83.3,0.0,0.0,0.0,1.0,2.0,50.0,0.5,0.8,66.7,0.0,1.0,0.0,0.0,1.5,0.0
Bismack Biyombo,CHA,26,1.3,2.1,63.7,0.2,0.4,40.9,0.1,0.2,41.7,0.1,0.1,42.9,0.0,0.0,0.0,0.0,0.0,0.0
Blake Griffin,DET,30,4.6,7.2,64.4,0.7,2.2,32.7,0.2,0.8,24.2,0.1,0.5,26.3,1.1,2.7,40.3,1.5,4.4,33.3
Boban Marjanovic,PHI,30,2.1,3.1,69.2,0.4,0.8,46.3,0.2,0.4,57.1,0.1,0.3,42.9,0.1,0.1,42.9,0.0,0.1,20.0
Bobby Portis,WAS,24,2.4,4.3,55.3,0.9,2.1,42.5,0.4,0.9,44.4,0.3,0.9,27.7,0.4,1.5,30.1,1.2,2.8,42.3
Bogdan Bogdanovic,SAC,26,1.6,2.9,56.0,0.5,1.4,34.3,0.5,1.1,47.4,0.4,1.0,42.9,0.9,2.3,36.8,1.2,3.5,36.0
Bojan Bogdanovic,IND,30,2.9,4.6,63.1,0.5,1.2,38.8,0.6,1.3,42.2,0.4,1.0,45.0,1.0,1.8,52.4,1.1,2.9,37.0
Bonzie Colson,MIL,23,0.9,1.9,46.2,0.2,0.4,50.0,0.0,0.3,0.0,0.2,0.2,100,0.5,1.5,33.3,0.3,1.6,18.2
Brad Wanamaker,BOS,29,0.5,0.7,69.2,0.2,0.4,42.9,0.1,0.2,28.6,0.2,0.4,50.0,0.1,0.3,20.0,0.4,0.9,44.1
Bradley Beal,WAS,26,4.2,6.4,65.8,0.4,1.0,42.4,0.7,1.5,46.8,1.0,2.4,42.6,1.0,2.9,34.5,1.9,5.2,35.8
Brandon Goodwin,DEN,23,0.3,0.8,40.0,0.0,0.1,0.0,0.0,0.4,0.0,0.0,0.2,0.0,0.0,0.1,0.0,0.1,0.4,40.0
Brandon Ingram,LAL,21,3.7,6.0,61.7,0.7,1.4,50.0,1.0,2.4,40.3,0.9,2.2,40.7,0.5,1.3,36.8,0.3,0.8,31.7
Brandon Knight,CLE,27,0.6,1.1,53.5,0.1,0.6,20.8,0.2,0.8,27.3,0.4,0.6,65.2,0.4,1.2,37.8,0.7,2.3,31.9
Brandon Sampson,CHI,22,0.9,1.5,63.2,0.5,0.9,50.0,0.0,0.0,0.0,0.0,0.2,0.0,0.4,0.9,41.7,0.5,1.3,35.3
Brook Lopez,MIL,31,1.4,1.9,74.2,0.3,0.7,41.7,0.3,0.5,53.8,0.0,0.1,33.3,0.6,1.4,40.2,1.7,4.8,35.5
Bruce Brown,DET,22,1.1,2.3,49.1,0.2,0.5,34.2,0.0,0.1,37.5,0.0,0.1,25.0,0.2,0.6,34.0,0.1,0.6,19.0
Bruno Caboclo,MEM,23,1.2,2.2,56.8,0.1,0.4,20.0,0.0,0.1,0.0,0.0,0.0,100,0.8,2.2,37.3,0.6,1.6,40.0
Bryn Forbes,SAS,25,0.7,1.3,54.7,0.4,0.8,46.3,0.3,0.7,41.8,0.7,1.3,51.9,0.8,2.0,42.0,1.5,3.5,42.7
Buddy Hield,SAC,26,2.3,3.8,58.7,0.2,0.8,26.2,0.5,1.2,45.0,0.9,2.1,42.0,1.8,4.1,44.8,1.8,4.4,41.5
C.J. Williams,MIN,29,0.5,0.8,54.5,0.1,0.2,50.0,0.1,0.1,100,0.2,0.3,66.7,0.2,0.6,37.5,0.3,0.7,40.0
CJ McCollum,POR,27,2.2,4.2,54.0,0.8,1.8,42.7,1.0,2.0,51.0,1.4,2.7,52.4,1.1,2.8,40.0,1.6,4.3,36.9
CJ Miles,MEM,32,0.4,0.9,44.0,0.1,0.3,28.6,0.1,0.3,41.2,0.1,0.4,38.9,0.8,1.6,45.9,0.6,2.4,26.2
Caleb Swanigan,SAC,22,0.6,1.2,52.0,0.2,0.5,30.0,0.1,0.3,16.7,0.0,0.1,0.0,0.0,0.3,14.3,0.0,0.1,0.0
Cameron Payne,CLE,24,1.0,1.7,56.7,0.4,0.7,55.6,0.3,0.6,40.0,0.1,0.3,40.0,0.4,0.9,40.0,0.4,1.5,25.9
Cameron Reynolds,MIN,24,0.2,0.6,36.4,0.1,0.2,50.0,0.3,0.4,71.4,0.0,0.2,0.0,0.6,1.6,35.5,0.6,1.1,52.4
Caris LeVert,BKN,24,2.8,5.0,55.8,0.7,1.8,37.0,0.4,1.1,40.5,0.1,0.3,33.3,0.4,1.2,30.6,0.8,2.7,30.6
Carmelo Anthony,HOU,35,1.3,2.1,61.9,0.2,0.5,40.0,0.5,1.1,45.5,0.5,1.0,50.0,0.4,2.2,18.2,2.0,5.1,39.2
Cedi Osman,CLE,24,2.1,3.6,58.0,0.3,0.9,29.4,0.3,0.7,44.0,0.3,0.8,34.4,0.7,1.9,36.7,1.1,3.1,35.4
Chandler Hutchison,CHI,23,1.4,2.4,58.7,0.4,0.9,41.5,0.0,0.2,0.0,0.1,0.1,66.7,0.2,0.7,34.5,0.1,0.4,22.2
Chandler Parsons,MEM,30,0.9,1.7,51.2,0.2,0.5,50.0,0.1,0.5,23.1,0.2,0.6,42.9,0.6,1.8,31.8,0.6,2.2,29.6
Channing Frye,CLE,36,0.1,0.2,57.1,0.1,0.2,28.6,0.0,0.2,0.0,0.1,0.3,45.5,0.3,1.0,26.7,0.6,1.5,41.5
Chasson Randle,WAS,26,0.8,1.4,54.3,0.1,0.3,28.6,0.0,0.1,16.7,0.0,0.2,18.2,0.2,0.8,32.4,0.7,1.6,42.3
Cheick Diallo,NOP,22,1.7,2.4,71.1,0.5,1.0,55.9,0.3,0.6,47.2,0.2,0.3,52.6,0.0,0.1,16.7,0.0,0.0,100
Chimezie Metu,SAS,22,0.3,0.7,38.9,0.4,0.7,58.8,0.1,0.4,22.2,0.0,0.4,0.0,0.0,0.2,0.0,0.0,0.1,0.0
Chris Boucher,TOR,26,0.8,1.3,61.1,0.0,0.1,0.0,0.0,0.0,0.0,0.0,0.1,0.0,0.3,0.5,53.8,0.2,0.9,20.8
Chris Chiozza,HOU,23,0.0,0.2,0.0,0.0,0.3,0.0,0.0,0.0,0.0,0.0,0.3,0.0,0.1,0.4,33.3,0.1,0.3,50.0
Chris Paul,HOU,34,0.8,1.5,52.9,0.4,1.2,38.8,1.2,2.5,47.9,0.5,1.1,50.0,0.6,1.8,32.4,1.5,4.2,36.9
Christian Wood,NOP,23,2.2,3.2,68.3,0.2,0.8,25.0,0.2,0.3,60.0,0.1,0.3,20.0,0.2,0.6,30.0,0.4,0.9,38.9
Clint Capela,HOU,25,6.7,9.7,69.1,0.4,1.2,34.6,0.0,0.1,0.0,0.0,0.0,0.0,0.0,0.0,0.0,0.0,0.0,0.0
Cody Zeller,CHA,26,3.0,5.0,60.6,0.6,1.1,54.5,0.1,0.4,21.1,0.0,0.0,0.0,0.0,0.2,25.0,0.1,0.3,33.3
Collin Sexton,CLE,20,2.5,4.7,51.8,0.4,1.2,35.1,0.6,1.6,38.8,0.9,2.4,38.9,0.8,2.1,40.2,1.1,2.6,40.3
Corey Brewer,SAC,33,1.2,1.8,63.2,0.0,0.4,8.3,0.0,0.2,20.0,0.0,0.1,50.0,0.2,0.9,24.1,0.2,0.5,41.2
Cory Joseph,IND,27,0.8,1.3,59.6,0.3,0.8,37.9,0.4,0.9,44.6,0.5,1.3,39.4,0.3,1.0,34.2,0.5,1.4,33.0
Courtney Lee,DAL,33,0.4,0.7,54.5,0.1,0.3,55.6,0.2,0.5,42.9,0.3,0.8,45.8,0.5,1.0,45.7,0.1,0.7,12.0
Cristiano Felicio,CHI,26,1.4,2.3,59.3,0.1,0.3,31.6,0.1,0.1,42.9,0.1,0.1,42.9,0.0,0.1,0.0,0.0,0.1,0.0
D'Angelo Russell,BKN,23,1.8,3.3,53.1,1.0,2.2,44.0,1.4,2.8,50.7,1.0,2.3,44.0,1.0,2.5,39.6,2.0,5.7,35.7
D.J. Augustin,ORL,31,1.6,2.7,58.7,0.2,0.7,34.5,0.2,0.6,35.6,0.2,0.4,48.6,0.7,1.4,48.7,1.0,2.5,40.2
D.J. Wilson,MIL,23,0.8,1.5,53.4,0.1,0.4,38.9,0.2,0.4,38.9,0.1,0.3,25.0,0.5,1.3,38.3,0.5,1.4,36.2
DJ Stephens,MEM,28,1.0,2.0,50.0,0.0,0.0,0.0,0.0,0.0,0.0,0.0,0.0,0.0,0.0,0.0,0.0,0.0,0.0,0.0
Dairis Bertans,NOP,29,0.0,0.0,0.0,0.0,0.1,0.0,0.0,0.0,0.0,0.0,0.4,0.0,0.4,1.4,29.4,0.6,2.1,28.0
Damian Jones,GSW,24,2.0,2.8,73.1,0.1,0.1,100,0.0,0.0,0.0,0.1,0.1,100,0.0,0.1,0.0,0.0,0.0,0.0
Damian Lillard,POR,28,3.4,6.2,54.1,0.3,0.9,38.6,0.5,1.2,39.6,1.0,2.0,49.1,1.0,2.4,40.0,2.2,5.8,37.5
Damion Lee,GSW,26,0.3,0.6,50.0,0.2,0.3,55.6,0.1,0.4,36.4,0.3,0.5,57.1,0.5,1.1,48.6,0.4,1.2,32.4
Damyean Dotson,NYK,25,1.0,1.8,56.2,0.1,0.4,14.3,0.2,0.6,41.9,0.6,1.4,44.0,1.1,2.3,47.3,1.0,3.1,31.7
Daniel Hamilton,ATL,23,0.7,1.3,52.2,0.1,0.4,14.3,0.1,0.3,25.0,0.1,0.1,50.0,0.3,0.9,31.3,0.2,0.4,42.9
Daniel Theis,BOS,27,1.5,2.1,72.5,0.1,0.3,33.3,0.1,0.2,33.3,0.1,0.3,28.6,0.1,0.3,35.0,0.3,0.8,41.2
Danilo Gallinari,LAC,30,2.1,3.6,57.1,0.3,0.7,45.8,0.5,1.1,45.9,0.5,1.4,34.0,0.9,2.0,42.3,1.8,4.1,43.7
Danny Green,TOR,32,0.7,1.1,58.2,0.1,0.4,31.4,0.2,0.4,53.6,0.2,0.3,44.4,1.5,3.2,46.8,1.1,2.4,43.3
Dante Cunningham,SAS,32,0.5,0.8,58.8,0.1,0.3,42.1,0.1,0.1,71.4,0.0,0.2,7.7,0.4,0.9,43.4,0.1,0.2,57.1
Dante Exum,UTA,23,1.6,3.2,50.8,0.3,0.9,28.2,0.1,0.1,66.7,0.0,0.0,50.0,0.4,1.0,34.1,0.1,0.4,16.7
Danuel House Jr.,HOU,26,1.1,1.6,64.1,0.1,0.2,33.3,0.0,0.1,0.0,0.0,0.0,100,1.0,2.5,39.6,0.9,2.1,44.4
Dario Saric,MIN,25,1.8,3.0,61.0,0.1,0.5,30.0,0.0,0.3,16.0,0.2,0.5,39.0,0.6,1.8,34.2,0.9,2.5,36.9
Darius Miller,NOP,29,0.2,0.3,68.4,0.1,0.2,40.0,0.2,0.4,44.4,0.3,0.7,43.8,0.8,2.1,38.8,1.2,3.3,35.4
Darren Collison,IND,31,1.4,2.4,56.8,0.0,0.3,13.6,0.3,0.6,52.3,0.9,2.1,42.9,0.9,1.8,50.4,0.5,1.4,37.7
Daryl Macon,DAL,23,0.3,0.6,50.0,0.0,0.2,0.0,0.1,0.3,50.0,0.0,1.0,0.0,0.7,1.3,50.0,0.4,0.8,50.0
David Nwaba,CLE,26,1.5,2.5,59.5,0.4,0.9,40.9,0.2,0.3,60.0,0.0,0.0,0.0,0.3,0.9,36.4,0.2,0.6,26.7
Davis Bertans,SAS,26,0.4,0.5,70.7,0.1,0.3,29.2,0.1,0.3,47.8,0.1,0.3,50.0,0.5,1.1,47.6,1.4,3.4,42.0
Davon Reed,IND,24,0.3,0.4,75.0,0.0,0.0,0.0,0.0,0.1,0.0,0.0,0.3,0.0,0.0,0.3,0.0,0.2,0.3,66.7
De'Aaron Fox,SAC,21,3.0,5.0,60.9,0.8,2.3,35.1,0.6,1.4,40.4,0.7,1.6,42.5,0.5,1.6,29.2,0.7,1.8,39.9
De'Anthony Melton,PHX,21,0.9,1.7,56.6,0.2,0.6,27.6,0.2,0.4,50.0,0.1,0.4,16.7,0.3,1.0,34.0,0.3,1.1,26.4
DeAndre Jordan,NYK,30,4.0,5.9,67.7,0.1,0.4,34.5,0.0,0.1,16.7,0.0,0.1,0.0,0.0,0.0,0.0,0.0,0.0,0.0
DeAndre' Bembry,ATL,24,2.4,4.1,58.2,0.2,0.8,27.4,0.1,0.4,33.3,0.0,0.1,25.0,0.2,1.0,22.4,0.4,1.1,35.2
DeMar DeRozan,SAS,29,3.1,4.6,67.4,1.4,3.1,45.5,1.7,3.9,42.7,1.6,4.1,39.8,0.4,1.1,34.5,0.0,0.2,5.6
DeMarcus Cousins,GSW,28,4.0,6.3,63.5,0.7,1.9,37.9,0.1,0.4,36.4,0.2,0.5,35.7,0.1,0.4,16.7,0.8,2.9,27.9
DeMarre Carroll,BKN,32,1.3,2.2,56.7,0.2,0.7,31.3,0.2,0.6,31.6,0.1,0.2,25.0,0.8,2.3,34.4,0.9,2.5,34.3
DeVaughn Akoon-Purcell,DEN,26,0.5,0.8,60.0,0.0,0.0,0.0,0.0,0.0,0.0,0.0,0.2,0.0,0.0,0.4,0.0,0.0,0.3,0.0
Deandre Ayton,PHX,20,4.8,6.7,71.2,0.9,1.7,53.7,0.7,1.6,42.0,0.7,1.8,36.9,0.1,0.3,30.4,0.0,0.0,0.0
Delon Wright,MEM,27,2.2,3.7,57.9,0.2,0.8,28.8,0.1,0.4,25.0,0.1,0.2,28.6,0.3,0.9,32.3,0.4,1.3,29.7
Demetrius Jackson,PHI,24,0.5,0.8,60.0,0.2,0.2,100,0.2,0.4,50.0,0.2,0.2,100,0.2,0.3,50.0,0.2,0.7,25.0
Deng Adel,CLE,22,0.1,0.4,28.6,0.1,0.1,100,0.1,0.1,50.0,0.1,0.2,33.3,0.1,0.3,33.3,0.2,0.9,23.5
Dennis Schroder,OKC,25,2.0,4.0,49.8,0.6,1.5,42.4,0.7,1.8,41.4,0.8,1.8,41.7,0.6,1.8,31.5,1.1,2.9,36.7
Dennis Smith Jr.,NYK,21,2.9,5.2,56.4,0.2,0.8,29.5,0.2,0.7,25.7,0.5,1.1,49.1,0.6,1.8,31.6,0.8,2.7,30.8
Deonte Burton,OKC,25,0.7,1.4,50.0,0.0,0.2,20.0,0.1,0.3,37.5,0.1,0.2,50.0,0.1,0.6,21.4,0.2,0.5,38.5
Derrick Favors,UTA,27,3.9,5.4,71.7,0.3,0.7,38.5,0.2,0.5,42.1,0.2,0.5,44.4,0.2,1.0,19.5,0.0,0.1,33.3
Derrick Jones Jr.,MIA,22,2.1,3.4,61.6,0.1,0.3,15.0,0.1,0.1,42.9,0.0,0.0,50.0,0.4,1.2,33.3,0.1,0.3,22.2
Derrick Rose,MIN,30,3.0,5.1,59.7,0.7,1.8,39.1,0.9,1.9,47.9,1.1,2.3,46.6,0.8,2.0,43.0,0.6,1.6,34.5
Derrick White,SAS,24,1.6,2.7,58.9,0.6,1.2,49.4,0.4,0.9,42.6,0.5,0.9,56.5,0.4,1.0,37.5,0.4,1.4,30.5
Devin Booker,PHX,22,3.3,5.4,60.9,0.9,1.7,51.4,1.6,3.1,50.7,1.1,2.3,47.3,0.7,1.9,37.3,1.6,4.9,33.0
Devin Harris,DAL,36,0.8,1.4,55.3,0.1,0.4,37.5,0.0,0.1,28.6,0.1,0.2,33.3,0.5,1.2,38.6,0.5,1.7,27.8
Devin Robinson,WAS,24,1.9,2.6,72.2,0.5,0.7,75.0,0.1,0.4,33.3,0.1,0.4,33.3,0.1,0.3,50.0,0.0,0.3,0.0
Devonte' Graham,CHA,24,0.6,1.2,50.0,0.0,0.2,28.6,0.1,0.3,28.6,0.2,0.5,33.3,0.3,0.8,37.1,0.5,1.7,28.2
Dewayne Dedmon,ATL,29,2.2,3.3,67.3,0.2,0.7,32.6,0.2,0.4,42.3,0.1,0.3,31.8,0.6,1.5,39.2,0.7,2.0,37.0
Deyonta Davis,ATL,22,1.6,1.9,82.4,0.0,0.1,0.0,0.0,0.0,0.0,0.1,0.3,33.3,0.0,0.1,0.0,0.0,0.0,0.0
Dillon Brooks,MEM,23,1.2,2.5,46.7,0.3,0.8,35.7,0.2,0.5,33.3,0.2,0.5,33.3,0.3,0.9,31.3,0.7,1.6,42.9
Dion Waiters,MIA,27,1.5,2.9,51.6,0.1,0.2,57.1,0.0,0.3,7.7,0.3,0.7,41.9,1.3,3.2,40.3,1.3,3.5,37.2
Dirk Nowitzki,DAL,41,0.1,0.1,66.7,0.1,0.4,27.3,0.5,0.9,52.2,0.5,1.4,37.1,0.5,1.6,32.5,0.9,2.9,32.9
Domantas Sabonis,IND,23,4.0,5.7,69.6,0.7,1.5,48.7,0.2,0.7,32.0,0.5,1.1,42.7,0.1,0.3,33.3,0.1,0.2,53.8
Donatas Motiejunas,SAS,28,0.3,0.7,50.0,0.3,0.7,50.0,0.3,0.3,100,0.0,0.3,0.0,0.0,0.0,0.0,0.0,0.0,0.0
Donovan Mitchell,UTA,22,3.3,6.1,54.7,1.0,2.9,32.6,1.1,2.3,46.7,0.6,1.3,48.5,1.0,2.6,37.7,1.5,4.2,35.8
Donte DiVincenzo,MIL,22,1.0,1.2,78.8,0.0,0.1,0.0,0.0,0.1,50.0,0.0,0.1,0.0,0.3,0.9,34.8,0.6,2.2,25.0
Donte Grantham,OKC,24,0.0,0.0,0.0,-,-,-,0.0,0.0,0.0,0.0,0.0,0.0,0.0,0.0,0.0,0.0,1.0,0.0
Dorian Finney-Smith,DAL,26,1.6,2.7,59.5,0.1,0.2,31.6,0.0,0.1,30.0,0.1,0.3,38.1,0.5,1.6,33.3,0.5,1.6,29.7
Doug McDermott,IND,27,1.1,1.7,66.9,0.1,0.2,58.8,0.1,0.2,46.2,0.1,0.5,28.2,0.6,1.4,45.4,0.6,1.5,39.3
Dragan Bender,PHX,21,1.3,1.8,74.7,0.1,0.2,40.0,0.0,0.0,0.0,0.0,0.0,0.0,0.2,1.1,22.4,0.2,1.1,21.2
Draymond Green,GSW,29,1.7,2.6,65.7,0.2,0.6,33.3,0.1,0.4,36.0,0.1,0.3,33.3,0.2,0.7,33.3,0.5,1.9,27.2
Drew Eubanks,SAS,22,0.2,0.6,41.7,0.5,0.7,71.4,0.0,0.0,0.0,0.0,0.0,0.0,0.0,0.0,0.0,0.0,0.0,0.0
Duncan Robinson,MIA,25,0.5,0.5,85.7,0.0,0.0,0.0,0.0,0.0,0.0,0.1,0.2,33.3,0.4,1.3,33.3,0.4,1.4,27.8
Dusty Hannahs,MEM,25,1.5,2.5,60.0,0.0,0.5,0.0,0.0,0.5,0.0,0.0,0.0,0.0,0.0,1.0,0.0,0.0,1.5,0.0
Dwayne Bacon,CHA,23,1.5,2.2,67.0,0.2,0.7,24.1,0.3,0.7,35.7,0.1,0.5,26.3,0.4,0.9,43.2,0.5,1.2,45.1
Dwight Howard,WAS,33,4.1,5.7,72.5,0.2,0.8,28.6,0.0,0.3,0.0,0.3,0.8,42.9,0.1,0.1,100,0.0,0.0,0.0
Dwight Powell,DAL,27,3.1,4.1,75.5,0.1,0.3,39.1,0.0,0.1,20.0,0.0,0.1,0.0,0.2,0.6,37.0,0.3,1.1,26.4
Dwyane Wade,MIA,37,2.4,4.0,60.7,0.6,1.5,41.1,0.8,2.2,39.4,0.6,1.7,33.6,0.7,1.9,37.7,0.6,1.9,28.8
Dzanan Musa,BKN,20,0.6,0.7,83.3,0.3,0.4,66.7,0.0,0.1,0.0,0.1,0.3,50.0,0.0,0.6,0.0,0.1,0.8,16.7
E'Twaun Moore,NOP,30,1.7,2.8,61.0,0.9,1.9,46.1,0.5,1.1,46.6,0.3,0.6,46.9,0.8,2.1,37.8,0.7,1.5,43.9
Ed Davis,BKN,30,2.2,3.5,64.3,0.1,0.2,33.3,0.0,0.0,0.0,0.0,0.0,0.0,0.0,0.0,0.0,0.0,0.0,0.0
Edmond Sumner,IND,23,0.5,1.2,40.7,0.1,0.2,33.3,0.1,0.1,50.0,0.1,0.2,50.0,0.2,0.6,27.3,0.1,0.7,18.8
Ekpe Udoh,UTA,32,0.8,1.0,76.5,0.2,0.3,60.0,0.0,0.1,50.0,0.0,0.1,0.0,0.0,0.0,0.0,0.0,0.0,0.0
Elfrid Payton,NOP,25,2.5,5.0,50.5,0.8,2.0,39.0,0.1,0.2,50.0,0.1,0.1,60.0,0.2,0.5,30.4,0.6,1.9,32.9
Elie Okobo,PHX,21,0.9,1.6,58.1,0.1,0.4,30.0,0.2,0.6,41.4,0.1,0.5,30.4,0.3,0.7,40.0,0.5,1.8,26.3
Emanuel Terry,MIA,22,1.3,2.3,57.1,0.0,0.0,0.0,0.0,0.0,0.0,0.0,0.0,0.0,0.0,0.0,0.0,0.0,0.0,0.0
Emmanuel Mudiay,NYK,23,2.3,4.4,51.5,0.5,1.1,42.9,0.9,1.8,50.9,0.7,1.5,48.3,0.4,1.4,29.8,0.8,2.3,35.1
Enes Kanter,POR,27,4.7,7.4,63.7,0.4,1.3,31.1,0.1,0.5,29.0,0.1,0.4,36.0,0.0,0.2,18.2,0.1,0.4,33.3
Eric Bledsoe,MIL,29,3.7,5.6,66.4,0.2,0.7,29.3,0.3,0.7,43.1,0.2,0.5,40.5,0.3,1.3,26.7,1.3,3.6,34.8
Eric Gordon,HOU,30,2.1,3.6,59.0,0.2,1.0,20.6,0.1,0.2,43.8,0.0,0.1,28.6,0.8,2.1,38.3,2.3,6.5,35.7
Eric Moreland,TOR,27,0.4,1.0,40.0,0.0,0.3,0.0,0.0,0.0,0.0,0.0,0.0,0.0,0.0,0.0,0.0,0.2,0.2,100
Ersan Ilyasova,MIL,32,1.3,2.3,59.2,0.1,0.4,14.8,0.1,0.3,41.2,0.1,0.2,31.3,0.3,1.0,35.9,0.6,1.5,36.9
Evan Fournier,ORL,26,2.1,3.6,59.4,0.5,1.0,44.0,0.5,1.2,41.7,0.5,1.1,50.6,1.0,2.5,39.1,1.2,3.7,31.0
Evan Turner,POR,30,1.3,2.2,60.8,0.3,0.9,33.8,0.6,1.3,44.6,0.4,0.9,49.2,0.1,0.6,24.4,0.0,0.3,10.5
Frank Jackson,NOP,21,1.7,2.8,62.0,0.3,0.9,34.6,0.2,0.5,41.9,0.1,0.5,26.9,0.5,1.6,28.6,0.4,1.2,34.2
Frank Kaminsky,CHA,26,1.4,2.1,65.3,0.5,0.9,51.2,0.1,0.3,25.0,0.0,0.1,0.0,0.2,0.8,25.0,0.9,2.3,38.7
Frank Mason,SAC,25,0.9,1.5,62.5,0.2,0.4,46.2,0.2,0.5,43.8,0.2,0.4,50.0,0.2,0.6,33.3,0.3,1.4,20.4
Frank Ntilikina,NYK,20,0.5,1.2,46.0,0.2,0.6,30.8,0.3,1.1,32.6,0.3,0.7,41.4,0.4,1.5,27.9,0.5,1.6,29.9
Fred VanVleet,TOR,25,1.4,2.8,48.9,0.1,0.3,33.3,0.1,0.4,33.3,0.4,0.8,51.0,0.7,2.0,37.0,1.1,2.9,36.4
Furkan Korkmaz,PHI,21,0.7,1.1,66.7,0.1,0.3,40.0,0.2,0.5,35.0,0.1,0.3,25.0,0.4,0.8,43.2,0.7,2.2,30.8
Garrett Temple,LAC,33,1.1,1.7,65.6,0.1,0.3,30.8,0.1,0.3,41.7,0.2,0.5,39.0,0.7,2.1,33.1,0.5,1.6,32.8
Gary Clark,HOU,24,0.2,0.2,80.0,0.0,0.0,50.0,0.0,0.0,0.0,0.0,0.0,0.0,0.2,1.1,21.8,0.6,1.6,35.4
Gary Harris,DEN,24,2.2,4.0,54.8,0.4,1.0,39.0,0.4,0.9,46.0,0.1,0.5,22.6,0.9,2.6,35.4,0.7,2.1,33.3
Gary Payton II,WAS,26,2.0,3.0,66.7,0.0,0.0,0.0,0.0,0.0,0.0,0.0,0.0,0.0,0.5,1.0,50.0,0.0,0.0,0.0
Gary Trent Jr.,POR,20,0.2,0.5,42.9,0.0,0.3,0.0,0.1,0.4,40.0,0.3,0.8,42.9,0.3,0.9,35.7,0.2,1.0,23.1
George Hill,MIL,33,1.3,2.2,59.8,0.1,0.2,46.2,0.3,0.6,44.1,0.3,0.6,51.5,0.4,1.0,37.7,0.5,1.7,30.0
George King,PHX,25,0.0,0.0,0.0,0.0,0.0,0.0,0.0,0.0,0.0,0.0,0.0,0.0,0.0,0.0,0.0,0.0,0.0,0.0
Georges Niang,UTA,26,0.4,0.7,53.5,0.3,0.4,73.7,0.1,0.2,54.5,0.0,0.0,0.0,0.5,1.3,42.3,0.2,0.6,38.2
Gerald Green,HOU,33,0.7,1.0,69.4,0.1,0.3,47.6,0.1,0.3,23.8,0.1,0.2,44.4,1.2,2.7,42.9,1.0,3.4,29.8
Giannis Antetokounmpo,MIL,24,8.1,11.2,72.6,0.4,1.4,30.7,0.3,0.8,41.8,0.4,1.0,40.0,0.2,0.6,26.8,0.6,2.4,25.7
Glenn Robinson III,DET,25,0.7,1.2,58.2,0.2,0.5,42.9,0.1,0.4,17.6,0.2,0.4,50.0,0.3,1.0,34.9,0.2,0.5,30.4
Goran Dragic,MIA,33,2.2,4.1,54.4,0.3,1.0,34.3,0.6,1.5,37.0,0.3,0.7,34.6,0.6,1.8,34.9,1.0,3.0,33.3
Gordon Hayward,BOS,29,1.5,2.5,62.1,0.4,0.8,56.4,0.5,1.0,47.1,0.4,1.0,40.8,0.7,1.9,35.5,0.6,1.7,35.5
Gorgui Dieng,MIN,29,1.0,1.5,67.3,0.2,0.4,41.9,0.3,0.7,43.1,0.5,1.1,48.8,0.5,1.2,41.3,0.0,0.1,14.3
Grayson Allen,UTA,23,0.5,1.1,47.5,0.2,0.4,46.2,0.1,0.4,30.8,0.2,0.3,60.0,0.5,1.4,37.3,0.4,1.4,26.5
Greg Monroe,PHI,29,1.8,3.3,53.5,0.3,0.7,42.3,0.1,0.3,36.4,0.0,0.1,0.0,0.0,0.0,0.0,0.0,0.1,25.0
Guerschon Yabusele,BOS,23,0.5,0.9,60.0,0.1,0.3,33.3,0.0,0.0,0.0,0.1,0.1,66.7,0.0,0.3,11.1,0.2,0.5,40.0
Hamidou Diallo,OKC,20,1.3,2.3,54.8,0.1,0.3,25.0,0.0,0.2,28.6,0.0,0.1,33.3,0.1,0.5,22.7,0.0,0.1,0.0
Harrison Barnes,SAC,27,2.1,3.7,58.0,0.6,1.8,32.6,0.3,1.1,30.6,0.3,0.9,29.6,1.0,2.5,41.2,1.2,3.2,37.6
Harry Giles III,SAC,21,1.9,3.0,62.2,0.6,1.4,43.6,0.3,0.8,40.4,0.2,0.6,33.3,0.1,0.2,25.0,0.0,0.0,0.0
Hassan Whiteside,MIA,30,4.3,6.4,67.5,0.7,1.8,37.5,0.2,0.6,27.9,0.1,0.3,40.0,0.1,0.2,33.3,0.0,0.1,14.3
Haywood Highsmith,PHI,22,0.2,0.6,33.3,0.2,0.2,100,0.2,0.2,100,0.0,0.0,0.0,0.0,0.4,0.0,0.2,0.6,33.3
Henry Ellenson,NYK,22,0.8,1.6,51.6,0.1,0.7,7.7,0.2,0.4,42.9,0.1,0.3,40.0,0.4,1.1,36.8,0.5,1.1,50.0
Ian Clark,NOP,28,0.6,1.0,54.8,0.4,0.9,40.7,0.3,0.4,57.7,0.1,0.3,42.1,0.6,1.6,34.0,0.7,2.2,30.7
Ian Mahinmi,WAS,32,1.0,1.8,54.8,0.3,0.7,43.5,0.0,0.1,0.0,0.0,0.0,0.0,0.1,0.3,20.0,0.0,0.2,16.7
Ike Anigbogu,IND,20,0.0,0.3,0.0,0.0,0.0,0.0,0.0,0.0,0.0,0.0,1.0,0.0,0.0,0.0,0.0,0.0,0.0,0.0
Iman Shumpert,HOU,29,0.6,1.0,60.0,0.0,0.1,16.7,0.1,0.3,26.3,0.3,1.0,33.9,1.0,2.5,37.8,0.7,2.3,31.7
Isaac Bonga,LAL,19,0.2,0.8,26.7,0.1,0.3,25.0,0.0,0.2,0.0,0.0,0.1,0.0,0.0,0.3,0.0,0.0,0.3,0.0
Isaac Humphries,ATL,21,0.6,1.6,37.5,0.0,0.0,0.0,0.0,0.3,0.0,0.0,0.3,0.0,0.6,1.4,42.9,0.0,0.8,0.0
Isaiah Briscoe,ORL,23,0.8,1.4,60.4,0.1,0.2,25.0,0.0,0.2,0.0,0.2,0.6,36.4,0.2,0.8,21.9,0.2,0.4,37.5
Isaiah Canaan,MIL,28,0.7,1.5,44.4,0.0,0.2,16.7,0.1,0.2,42.9,0.1,0.2,80.0,0.5,1.4,37.5,0.7,2.0,35.6
Isaiah Hartenstein,HOU,21,0.7,1.3,56.3,0.0,0.1,0.0,0.0,0.0,0.0,0.0,0.0,0.0,0.0,0.1,50.0,0.0,0.1,25.0
Isaiah Hicks,NYK,24,0.7,1.3,50.0,0.0,0.3,0.0,0.3,0.7,50.0,0.3,0.3,100,0.0,0.0,0.0,0.0,0.0,0.0
Isaiah Thomas,DEN,30,1.0,2.1,48.0,0.4,1.3,31.3,0.3,1.0,25.0,0.2,0.3,66.7,0.3,1.7,20.0,0.7,1.9,34.8
Ish Smith,DET,30,1.5,2.6,57.4,0.4,1.2,30.8,0.3,0.8,38.6,0.6,1.5,42.2,0.4,1.0,35.1,0.5,1.5,32.9
Ivan Rabb,MEM,22,1.6,2.4,66.4,0.4,0.7,62.5,0.1,0.3,40.0,0.2,0.6,29.6,0.0,0.3,15.4,0.1,0.2,33.3
Ivica Zubac,LAC,22,3.2,5.2,60.5,0.3,0.8,37.5,0.1,0.2,50.0,0.0,0.2,16.7,0.0,0.0,0.0,0.0,0.0,0.0
J.J. Barea,DAL,35,1.6,2.8,57.1,0.5,1.6,33.9,0.5,1.2,43.5,0.4,1.0,43.6,0.5,1.2,41.3,0.7,2.3,28.4
J.P. Macura,CHA,24,1.5,2.0,75.0,0.0,0.5,0.0,0.0,0.0,0.0,0.0,0.0,0.0,0.0,1.0,0.0,0.0,0.5,0.0
JJ Redick,PHI,35,0.8,1.4,58.9,0.1,0.3,27.3,0.2,0.5,47.4,0.9,1.7,51.5,1.7,3.8,44.1,2.2,5.8,38.6
JR Smith,CLE,33,0.2,0.4,50.0,0.2,0.4,50.0,0.3,0.8,33.3,0.6,1.5,41.2,0.5,1.5,31.3,0.8,2.7,29.6
JaKarr Sampson,CHI,26,3.0,6.0,50.0,1.5,1.8,85.7,0.8,1.0,75.0,0.3,0.5,50.0,0.5,2.3,22.2,1.3,2.0,62.5
JaMychal Green,LAC,29,1.8,3.0,61.1,0.2,0.5,28.6,0.2,0.3,45.5,0.2,0.5,48.4,0.6,1.4,41.9,0.6,1.6,37.3
JaVale McGee,LAL,31,4.5,6.3,71.4,0.5,1.3,38.0,0.2,0.5,37.1,0.1,0.2,41.2,0.0,0.1,25.0,0.0,0.1,12.5
Jabari Parker,WAS,24,3.4,5.1,66.1,0.4,0.9,47.4,0.3,0.8,38.5,0.5,1.3,41.7,0.7,1.8,37.1,0.4,1.7,25.5
Jacob Evans,GSW,22,0.2,0.5,33.3,0.0,0.1,50.0,0.1,0.2,60.0,0.2,0.5,30.8,0.2,0.5,33.3,0.1,0.3,25.0
Jae Crowder,UTA,28,1.4,2.3,59.4,0.1,0.3,40.0,0.0,0.2,12.5,0.1,0.1,54.5,1.4,4.0,35.5,1.0,2.9,32.9
Jahlil Okafor,NOP,23,2.7,4.1,66.4,0.7,1.6,44.9,0.3,0.6,46.7,0.1,0.1,50.0,0.0,0.0,0.0,0.0,0.1,33.3
Jake Layman,POR,25,1.8,2.5,72.6,0.1,0.3,42.9,0.1,0.2,50.0,0.1,0.3,40.0,0.4,1.5,26.9,0.5,1.2,39.8
Jakob Poeltl,SAS,23,2.1,3.1,68.5,0.2,0.5,45.0,0.1,0.1,50.0,0.0,0.1,50.0,0.0,0.0,100,0.0,0.0,0.0
Jalen Brunson,DAL,22,1.4,2.2,64.0,0.6,1.3,45.6,0.5,1.1,46.7,0.3,0.8,39.6,0.5,1.4,33.0,0.4,1.2,36.9
Jalen Jones,CLE,26,0.8,1.3,65.0,0.1,0.6,25.0,0.1,0.1,50.0,0.0,0.2,0.0,0.2,0.6,30.0,0.4,1.2,33.3
Jamal Crawford,PHX,39,0.2,0.4,50.0,0.1,0.4,32.0,0.5,1.0,49.2,0.8,1.7,50.0,0.4,1.3,27.7,0.7,2.0,35.9
Jamal Murray,DEN,22,2.0,3.6,54.6,0.7,1.7,40.0,0.9,2.2,43.0,1.0,2.1,46.2,1.2,2.6,45.1,1.1,3.2,32.9
James Ennis III,PHI,28,1.3,2.1,62.3,0.1,0.1,50.0,0.0,0.1,50.0,0.0,0.0,0.0,0.7,1.8,38.8,0.3,0.9,29.1
James Harden,HOU,29,4.2,7.4,56.2,1.2,2.4,49.2,0.4,0.9,46.5,0.2,0.4,36.4,0.9,2.7,34.4,3.9,10.2,37.7
James Johnson,MIA,32,1.7,2.7,61.9,0.2,0.8,27.9,0.1,0.4,23.8,0.1,0.3,40.0,0.4,1.3,32.9,0.5,1.4,34.2
James Nunnally,HOU,28,0.3,0.4,66.7,0.0,0.1,0.0,0.0,0.0,0.0,0.0,0.0,0.0,0.3,1.2,23.5,0.3,0.7,40.0
Jared Dudley,BKN,33,0.6,1.0,57.4,0.1,0.1,37.5,0.0,0.0,50.0,0.1,0.2,50.0,0.4,1.1,40.0,0.5,1.5,33.3
Jared Terrell,MIN,24,0.2,0.6,25.0,0.0,0.3,0.0,0.1,0.1,100,0.3,0.6,42.9,0.3,0.7,40.0,0.2,0.8,20.0
Jarell Martin,ORL,25,0.3,0.5,66.7,0.1,0.1,66.7,0.0,0.0,0.0,0.0,0.3,9.1,0.5,1.2,39.6,0.2,0.5,33.3
Jaren Jackson Jr.,MEM,19,3.0,4.4,66.7,0.9,2.3,39.7,0.3,0.8,40.9,0.1,0.2,33.3,0.2,0.9,23.6,0.7,1.5,43.7
Jaron Blossomgame,CLE,25,1.2,1.7,69.6,0.0,0.4,9.1,0.1,0.3,42.9,0.0,0.0,0.0,0.2,0.8,25.0,0.2,0.8,28.6
Jarred Vanderbilt,DEN,20,0.6,1.1,60.0,0.0,0.2,0.0,0.0,0.0,0.0,0.0,0.1,0.0,0.0,0.1,0.0,0.0,0.0,0.0
Jarrett Allen,BKN,21,3.8,5.6,66.7,0.3,0.7,44.8,0.0,0.2,16.7,0.0,0.0,0.0,0.1,0.5,14.3,0.0,0.0,0.0
Jason Smith,NOP,33,0.5,1.0,47.4,0.0,0.1,0.0,0.0,0.2,0.0,0.2,0.3,50.0,0.2,0.7,30.8,0.3,0.8,31.3
Jawun Evans,OKC,22,0.1,0.1,100,0.1,0.6,25.0,0.0,0.3,0.0,0.1,0.4,33.3,0.0,0.1,0.0,0.0,0.3,0.0
Jaylen Adams,ATL,23,0.2,0.5,44.4,0.0,0.1,0.0,0.0,0.2,20.0,0.1,0.2,33.3,0.3,0.9,31.0,0.5,1.4,38.3
Jaylen Brown,BOS,22,2.6,4.3,60.8,0.4,0.9,38.2,0.5,1.1,42.0,0.3,0.6,46.5,0.5,1.6,33.0,0.8,2.3,34.5
Jaylen Morris,MIL,23,0.8,1.5,50.0,0.0,0.3,0.0,0.0,0.0,0.0,0.0,0.0,0.0,0.0,0.0,0.0,0.3,0.8,33.3
Jayson Tatum,BOS,21,2.6,4.3,61.3,0.2,0.8,28.8,0.6,1.4,43.8,0.8,2.1,37.7,0.8,2.3,33.0,0.9,2.2,39.3
Jeff Green,WAS,32,1.8,2.6,71.2,0.4,0.7,50.0,0.2,0.6,44.2,0.3,0.7,41.5,0.6,1.9,33.3,0.9,2.4,37.6
Jeff Teague,MIN,31,1.7,3.3,51.1,0.8,2.0,39.8,0.6,1.3,45.5,0.2,0.5,40.9,0.5,1.4,39.0,0.4,1.4,26.3
Jemerrio Jones,LAL,24,1.7,3.0,55.6,0.0,0.4,0.0,0.0,0.2,0.0,0.0,0.3,0.0,0.0,0.2,0.0,0.3,1.5,22.2
Jerami Grant,OKC,25,3.2,5.0,63.3,0.2,0.8,26.6,0.1,0.4,34.4,0.1,0.4,37.9,1.0,2.4,41.0,0.5,1.3,36.9
Jeremy Lamb,CHA,27,2.1,4.0,51.8,0.7,1.7,41.3,0.6,1.2,51.6,0.6,1.2,49.5,0.6,1.3,44.8,0.9,2.9,29.7
Jeremy Lin,TOR,30,1.5,2.7,56.9,0.3,0.6,46.8,0.3,0.7,39.6,0.3,0.6,42.9,0.4,1.0,36.0,0.5,1.6,29.5
Jerian Grant,ORL,26,0.3,0.5,66.7,0.1,0.4,28.6,0.1,0.3,25.0,0.4,0.7,58.3,0.3,0.7,34.9,0.4,1.2,35.1
Jerome Robinson,LAC,22,0.4,0.6,65.0,0.0,0.3,12.5,0.2,0.3,55.6,0.2,0.4,38.5,0.3,0.8,41.7,0.3,1.1,30.3
Jerryd Bayless,MIN,30,0.7,1.4,46.9,0.1,0.4,25.0,0.1,0.5,17.6,0.5,1.0,51.5,0.6,1.8,32.3,0.5,1.6,29.1
Jevon Carter,MEM,23,0.2,0.7,28.6,0.1,0.2,37.5,0.1,0.4,25.0,0.1,0.6,21.7,0.4,1.2,35.4,0.5,1.5,32.2
Jimmer Fredette,PHX,30,0.7,0.8,80.0,0.2,0.6,33.3,0.2,0.4,50.0,0.2,0.4,50.0,0.2,1.2,14.3,0.0,1.3,0.0
Jimmy Butler,PHI,29,3.4,5.4,63.3,0.5,1.3,34.5,0.7,1.7,43.2,0.7,2.0,35.6,0.5,1.6,31.1,0.6,1.8,33.6
Joakim Noah,MEM,34,2.4,4.0,60.2,0.1,0.7,22.2,0.0,0.1,0.0,0.0,0.1,16.7,0.1,0.2,33.3,0.0,0.0,0.0
Jodie Meeks,TOR,31,1.1,1.3,90.0,0.3,0.5,50.0,0.1,0.6,25.0,0.1,0.4,33.3,0.4,1.1,33.3,0.6,1.1,55.6
Joe Chealey,CHA,23,0.0,1.0,0.0,1.0,1.0,100,0.0,0.0,0.0,0.0,1.0,0.0,0.0,0.0,0.0,0.0,0.0,0.0
Joe Harris,BKN,27,2.0,3.4,57.9,0.3,0.7,39.2,0.1,0.4,33.3,0.1,0.2,38.5,0.8,1.6,46.3,1.7,3.5,48.9
Joe Ingles,UTA,31,1.6,2.6,60.7,0.2,0.6,41.3,0.1,0.4,35.5,0.0,0.2,30.8,1.5,3.4,43.9,0.9,2.6,33.5
Joel Embiid,PHI,25,5.4,8.1,66.0,0.9,2.2,41.5,0.8,2.2,38.0,0.6,1.8,35.7,0.2,0.8,28.8,1.1,3.5,30.6
John Collins,ATL,21,5.8,8.5,68.4,0.6,1.4,38.6,0.3,0.7,35.6,0.1,0.3,25.0,0.5,1.2,42.1,0.4,1.3,28.4
John Henson,CLE,28,1.2,1.9,63.0,0.2,0.5,42.9,0.0,0.1,0.0,0.0,0.0,0.0,0.3,0.9,33.3,0.5,1.3,38.9
John Holland,CLE,30,-,-,-,-,-,-,0.0,0.0,0.0,-,-,-,-,-,-,0.0,0.0,0.0
John Jenkins,NYK,28,0.2,0.2,66.7,0.0,0.1,33.3,0.1,0.2,40.0,0.2,0.9,27.3,0.6,1.3,46.7,0.6,1.5,38.5
John Wall,WAS,28,4.2,7.2,58.4,0.2,0.5,35.3,0.5,1.3,37.5,1.1,2.6,42.2,0.6,1.7,35.8,1.1,4.0,27.6
Johnathan Motley,LAC,24,1.6,2.4,67.3,0.2,0.7,23.1,0.0,0.2,20.0,0.0,0.0,0.0,0.0,0.1,0.0,0.0,0.1,0.0
Johnathan Williams,LAL,24,2.6,3.8,69.0,0.1,0.6,20.0,0.0,0.1,0.0,0.1,0.2,50.0,0.0,0.0,0.0,0.0,0.0,0.0
Jon Leuer,DET,30,1.1,1.3,83.3,0.2,0.5,52.9,0.1,0.5,22.2,0.2,0.3,58.3,0.0,0.2,0.0,0.0,0.1,16.7
Jonah Bolden,PHI,23,1.0,1.3,78.6,0.0,0.1,25.0,0.0,0.1,0.0,0.0,0.0,0.0,0.3,0.8,32.4,0.5,1.4,38.1
Jonas Jerebko,GSW,32,0.9,1.5,60.7,0.1,0.2,35.7,0.1,0.2,58.3,0.2,0.4,52.0,0.4,1.1,42.1,0.5,1.6,32.5
Jonas Valanciunas,MEM,27,3.8,5.7,65.9,1.4,2.7,51.9,0.5,1.3,41.9,0.1,0.3,38.5,0.2,0.3,52.9,0.2,0.7,25.0
Jonathan Isaac,ORL,21,1.7,2.8,61.0,0.1,0.3,36.4,0.2,0.6,38.1,0.2,0.7,28.6,0.7,2.0,36.1,0.5,1.8,29.9
Jonathon Simmons,PHI,29,1.1,2.0,52.2,0.4,1.1,39.3,0.2,0.5,32.1,0.2,0.7,26.3,0.3,0.9,33.3,0.3,1.0,25.9
Jordan Bell,GSW,24,1.0,1.5,67.0,0.1,0.2,35.7,0.2,0.4,41.7,0.2,0.7,29.8,0.0,0.1,60.0,0.0,0.0,0.0
Jordan Clarkson,CLE,27,2.2,3.7,60.7,0.8,1.9,45.3,0.9,1.9,49.0,0.7,1.5,47.1,0.7,2.1,35.3,1.1,3.5,31.5
Jordan Loyd,TOR,25,0.2,0.5,40.0,0.1,0.1,100,0.0,0.1,0.0,0.1,0.3,33.3,0.0,0.2,0.0,0.4,0.5,66.7
Jordan McRae,WAS,28,0.9,1.4,66.7,0.2,0.4,54.5,0.3,0.7,38.9,0.6,1.1,51.9,0.2,0.6,28.6,0.3,0.9,30.4
Jordan Sibert,ATL,26,0.0,0.0,0.0,0.0,0.0,0.0,0.0,0.0,0.0,0.0,0.0,0.0,0.0,0.0,0.0,1.0,1.0,100
Jose Calderon,DET,37,0.2,0.4,44.4,0.0,0.0,100,0.0,0.1,33.3,0.4,0.8,54.3,0.2,0.4,36.8,0.2,0.9,20.0
Josh Hart,LAL,24,1.3,2.1,61.6,0.0,0.2,16.7,0.1,0.3,21.7,0.1,0.2,33.3,0.6,1.6,35.5,0.8,2.4,32.5
Josh Jackson,PHX,22,2.1,4.2,51.1,0.4,1.4,29.5,0.4,1.0,41.3,0.4,0.9,44.4,0.5,1.6,33.9,0.5,1.5,31.9
Josh Okogie,MIN,20,1.4,2.5,56.4,0.1,0.4,18.8,0.1,0.3,40.9,0.2,0.6,28.6,0.5,1.8,27.8,0.4,1.2,29.5
Josh Richardson,MIA,25,1.7,3.1,53.5,0.4,1.1,34.9,0.7,1.5,49.5,0.5,1.5,36.7,1.0,2.7,35.2,1.5,4.1,36.5
Jrue Holiday,NOP,29,4.3,7.0,61.9,0.7,1.8,41.3,0.9,1.9,47.2,0.4,0.9,41.0,0.7,2.1,33.3,1.1,3.5,32.1
Juancho Hernangomez,DEN,23,0.9,1.5,60.4,0.0,0.2,12.5,0.0,0.1,50.0,0.0,0.0,33.3,0.6,1.6,35.5,0.4,1.1,39.7
Julian Washburn,MEM,27,0.3,0.4,57.1,0.1,0.1,50.0,0.1,0.3,40.0,0.2,0.3,60.0,0.2,1.0,23.5,0.1,0.6,18.2
Julius Randle,NOP,24,5.4,8.4,63.6,1.0,2.3,41.7,0.3,0.8,40.3,0.1,0.4,29.0,0.4,1.2,34.5,0.6,1.7,36.1
Justin Anderson,ATL,25,0.7,1.2,57.1,0.1,0.2,50.0,0.0,0.2,20.0,0.0,0.1,25.0,0.2,0.7,30.0,0.3,1.0,32.6
Justin Holiday,MEM,30,1.0,1.7,58.3,0.1,0.4,15.6,0.2,0.5,38.6,0.3,0.9,38.4,1.1,3.0,35.7,1.0,2.9,33.8
Justin Jackson,DAL,24,0.9,1.1,76.3,0.4,0.8,43.3,0.2,0.6,36.2,0.1,0.4,36.7,0.6,1.6,36.2,0.5,1.4,36.5
Justin Patton,PHI,22,0.7,1.3,50.0,0.0,0.0,0.0,0.0,0.5,0.0,0.0,0.0,0.0,0.0,0.0,0.0,0.0,0.7,0.0
Justise Winslow,MIA,23,2.1,3.7,56.5,0.6,1.8,34.5,0.4,1.0,35.8,0.3,0.8,37.0,0.8,2.0,40.2,0.7,1.9,37.3
Jusuf Nurkic,POR,24,4.5,7.7,58.1,0.6,1.6,36.4,0.3,0.6,43.9,0.3,0.7,44.9,0.2,0.6,28.3,0.0,0.3,11.1
Kadeem Allen,NYK,26,1.5,2.5,60.4,0.3,1.1,30.0,0.5,1.3,36.0,0.2,0.5,30.0,0.4,0.8,50.0,0.5,1.1,47.6
Kalin Lucas,DET,30,0.0,0.0,0.0,0.0,0.0,0.0,0.0,0.0,0.0,0.0,0.0,0.0,0.0,0.0,0.0,0.0,1.0,0.0
Karl-Anthony Towns,MIN,23,4.4,6.6,66.8,1.6,3.4,48.5,0.3,0.9,34.3,0.5,1.1,42.4,0.8,1.8,43.2,1.2,3.2,38.1
Kawhi Leonard,TOR,28,3.7,5.6,66.4,0.9,1.9,47.4,1.4,3.0,46.1,1.2,2.7,45.4,1.0,2.4,39.9,1.2,3.3,35.9
Keita Bates-Diop,MIN,23,1.2,1.7,71.2,0.1,0.5,26.7,0.1,0.3,22.2,0.1,0.3,40.0,0.2,1.0,25.0,0.2,0.9,22.2
Kelly Olynyk,MIA,28,1.5,2.2,67.8,0.2,0.4,53.1,0.1,0.2,27.8,0.1,0.2,47.1,0.7,1.8,39.3,0.8,2.3,32.4
Kelly Oubre Jr.,PHX,23,2.8,5.0,57.3,0.5,1.3,38.6,0.3,0.6,53.8,0.2,0.4,44.4,0.7,2.0,34.6,0.9,2.9,31.5
Kemba Walker,CHA,29,3.3,6.1,53.6,0.5,1.3,35.9,0.7,1.5,46.0,1.0,2.0,48.5,1.0,2.5,39.1,2.5,6.9,35.9
Kenneth Faried,HOU,29,3.6,5.6,64.6,0.2,0.6,30.4,0.1,0.1,80.0,0.1,0.1,66.7,0.1,0.3,40.0,0.1,0.4,30.8
Kenrich Williams,NOP,24,1.0,1.9,55.3,0.0,0.3,14.3,0.1,0.2,37.5,0.0,0.3,15.4,0.5,1.6,28.6,0.7,1.9,37.2
Kent Bazemore,ATL,29,1.9,3.4,54.9,0.1,0.6,24.4,0.2,0.6,30.2,0.4,1.0,42.4,0.8,2.3,33.8,0.8,2.3,33.3
Kentavious Caldwell-Pope,LAL,26,1.3,2.0,63.6,0.1,0.2,38.9,0.2,0.5,37.8,0.5,1.0,47.5,0.9,2.4,38.9,1.0,3.2,33.1
Kevin Durant,GSW,30,2.8,3.8,72.9,0.7,1.4,52.3,1.8,3.6,50.0,2.0,3.5,57.1,0.4,1.4,30.0,1.5,3.8,38.9
Kevin Huerter,ATL,20,1.1,2.1,53.4,0.3,0.8,39.0,0.3,0.8,35.6,0.1,0.3,40.0,0.6,1.5,38.4,1.2,3.2,38.5
Kevin Knox,NYK,19,1.5,3.3,45.3,0.5,1.2,40.9,0.4,1.1,36.1,0.2,0.9,25.4,0.8,2.5,32.6,1.1,3.1,34.2
Kevin Love,CLE,30,1.7,3.3,52.8,0.3,1.0,31.8,0.1,0.9,15.8,0.2,0.7,25.0,1.1,2.6,43.1,1.4,4.2,32.6
Kevon Looney,GSW,23,2.4,3.4,68.6,0.1,0.2,22.2,0.1,0.2,58.3,0.2,0.3,58.3,0.0,0.2,23.1,0.0,0.1,25.0
Khem Birch,ORL,26,1.5,2.2,66.4,0.3,0.7,47.1,0.0,0.1,66.7,0.0,0.1,0.0,0.0,0.0,0.0,0.0,0.0,0.0
Khris Middleton,MIL,27,1.8,3.3,54.7,0.7,1.6,44.4,0.8,1.7,46.2,0.8,1.8,45.1,0.5,1.6,34.7,1.9,4.9,38.9
Khyri Thomas,DET,23,0.3,0.6,46.7,0.0,0.2,25.0,0.1,0.3,33.3,0.1,0.4,22.2,0.3,0.9,38.1,0.1,0.6,14.3
Klay Thompson,GSW,29,2.0,2.9,69.5,0.3,0.9,36.6,1.1,2.2,48.3,1.5,3.3,45.0,1.6,3.5,44.2,1.9,5.0,38.5
Kobi Simmons,CLE,21,0.0,0.0,0.0,-,-,-,0.0,0.0,0.0,0.0,0.0,0.0,0.0,0.0,0.0,0.0,0.0,0.0
Kosta Koufos,SAC,30,0.9,1.6,58.2,0.4,1.4,31.6,0.3,0.7,51.9,0.0,0.0,100,0.0,0.0,0.0,0.0,0.0,0.0
Kostas Antetokounmpo,DAL,21,0.0,1.0,0.0,0.0,0.5,0.0,0.0,0.0,0.0,0.0,0.0,0.0,0.0,0.0,0.0,0.0,0.0,0.0
Kris Dunn,CHI,25,1.8,3.7,49.1,0.7,1.7,42.1,0.8,1.7,44.3,0.5,1.5,35.7,0.4,1.0,37.0,0.5,1.4,34.8
Kyle Anderson,MEM,25,2.2,3.4,65.3,0.6,1.2,49.1,0.1,0.3,38.5,0.2,0.5,40.9,0.3,0.7,46.4,0.0,0.3,8.3
Kyle Korver,UTA,38,0.2,0.3,75.0,0.1,0.1,40.0,0.1,0.2,41.2,0.2,0.5,45.5,1.3,3.1,43.5,0.9,2.6,36.3
Kyle Kuzma,LAL,23,3.8,6.0,62.5,0.7,1.6,42.5,0.5,1.0,48.6,0.2,0.6,37.8,0.7,2.2,30.9,1.2,4.0,30.5
Kyle Lowry,TOR,33,1.5,2.4,61.6,0.1,0.4,39.1,0.2,0.6,37.8,0.3,0.7,48.8,0.7,2.0,35.7,1.7,5.1,32.9
Kyle O'Quinn,IND,29,0.6,1.0,64.3,0.1,0.2,50.0,0.2,0.5,42.1,0.6,1.1,50.0,0.2,0.4,50.0,0.0,0.2,11.1
Kyrie Irving,BOS,27,3.3,5.4,60.5,0.7,1.7,40.2,1.2,2.2,53.4,1.0,2.1,47.5,1.0,2.3,41.8,1.9,4.6,40.0
LaMarcus Aldridge,SAS,33,3.8,5.6,67.0,1.3,2.8,47.4,1.6,3.5,44.4,1.3,3.1,42.0,0.4,0.9,44.9,0.1,0.4,28.1
Lance Stephenson,LAL,28,1.1,1.9,56.3,0.0,0.2,7.7,0.1,0.2,45.5,0.4,0.9,45.0,0.6,1.5,36.6,0.6,1.7,37.5
Lance Thomas,NYK,31,0.7,1.2,59.3,0.1,0.3,31.3,0.1,0.3,28.6,0.2,0.3,58.3,0.5,1.7,31.2,0.1,0.5,25.0
Landry Shamet,LAC,22,0.6,1.1,53.5,0.1,0.1,45.5,0.1,0.3,36.0,0.1,0.3,30.0,0.8,1.8,42.7,1.4,3.4,41.5
Langston Galloway,DET,27,0.5,1.0,52.4,0.2,0.5,35.1,0.1,0.3,28.0,0.3,0.7,46.2,1.0,2.5,41.3,0.7,2.4,30.7
Larry Nance Jr.,CLE,26,2.6,3.8,68.5,0.2,0.7,34.1,0.2,0.6,31.6,0.2,0.5,40.0,0.2,0.6,30.0,0.3,1.0,33.3
Lauri Markkanen,CHI,22,2.5,4.4,56.8,0.9,1.8,47.9,0.4,1.3,31.4,0.3,0.9,30.6,0.8,2.0,40.0,1.7,4.7,36.0
LeBron James,LAL,34,6.2,8.9,69.0,0.3,1.3,25.7,0.6,1.3,47.9,0.6,1.6,34.4,0.9,2.0,42.3,1.5,4.5,34.1
Lonnie Walker IV,SAS,20,0.4,0.9,46.7,0.0,0.2,0.0,0.1,0.3,40.0,0.1,0.6,25.0,0.3,0.6,42.9,0.1,0.4,33.3
Lonzo Ball,LAL,21,1.9,3.4,56.3,0.1,0.5,29.2,0.1,0.4,21.1,0.1,0.4,30.0,0.5,1.5,30.6,1.2,3.4,35.2
Lorenzo Brown,TOR,28,0.4,1.1,37.0,0.1,0.3,50.0,0.1,0.2,40.0,0.1,0.1,50.0,0.2,0.6,28.6,0.1,0.7,20.0
Lou Williams,LAC,32,2.2,4.4,50.8,0.9,1.8,47.1,0.9,2.0,44.4,0.8,2.1,38.1,0.7,1.9,34.7,0.9,2.7,34.7
Luc Mbah a Moute,LAC,32,1.0,2.5,40.0,0.3,0.3,100,0.0,0.0,0.0,0.3,0.3,100,0.0,0.8,0.0,0.5,0.8,66.7
Luka Doncic,DAL,20,2.8,4.7,58.8,1.0,2.3,45.5,0.6,1.5,38.5,0.2,0.6,38.6,0.6,1.7,37.7,1.7,5.3,32.8
Luke Kennard,DET,23,0.7,1.1,60.0,0.3,0.6,48.6,0.3,0.7,43.9,0.6,1.2,44.9,0.7,1.7,39.0,1.2,2.9,39.9
Luke Kornet,NYK,23,0.5,1.0,55.8,0.1,0.3,27.3,0.2,0.6,30.8,0.0,0.2,0.0,0.6,1.2,48.0,1.0,3.2,31.7
Luol Deng,MIN,34,1.6,2.2,71.4,0.1,0.2,60.0,0.2,0.5,40.0,0.1,0.3,28.6,0.5,1.5,36.4,0.1,0.6,23.1
Malachi Richardson,TOR,23,0.0,0.1,50.0,0.0,0.1,0.0,0.0,0.0,0.0,0.0,0.0,0.0,0.3,0.8,33.3,0.2,0.6,27.3
Malcolm Brogdon,MIL,26,3.8,6.4,59.0,0.2,0.7,28.6,0.1,0.3,38.1,0.1,0.3,40.9,0.6,1.3,47.0,1.1,2.6,40.5
Malcolm Miller,TOR,26,0.0,0.3,0.0,0.0,0.1,0.0,0.0,0.0,0.0,0.2,0.2,100,0.5,1.2,41.7,0.4,0.8,50.0
Malik Beasley,DEN,22,1.5,2.3,65.4,0.2,0.6,37.0,0.2,0.4,45.7,0.3,0.7,46.3,1.1,2.6,43.5,1.0,2.5,38.0
Malik Monk,CHA,21,1.1,1.9,58.8,0.1,0.5,19.4,0.2,0.4,40.0,0.2,0.6,37.2,0.5,1.8,30.5,1.0,2.7,35.4
MarShon Brooks,MEM,30,1.2,1.6,76.1,0.3,0.8,33.3,0.4,0.9,46.2,0.2,0.5,35.7,0.3,0.8,33.3,0.3,1.4,24.4
Marc Gasol,TOR,34,1.4,2.4,60.3,1.0,2.1,47.9,0.6,1.6,36.6,0.5,1.2,41.1,0.5,1.1,47.6,0.9,2.7,33.3
Marcin Gortat,LAC,35,1.5,2.5,61.5,0.3,0.7,42.9,0.2,0.6,37.9,0.0,0.1,20.0,0.0,0.0,0.0,0.0,0.0,0.0
Marco Belinelli,SAS,33,0.6,1.2,54.9,0.2,0.4,53.1,0.2,0.6,35.3,0.3,1.0,35.5,0.9,2.2,41.6,1.3,3.2,38.7
Marcus Derrickson,GSW,23,0.2,0.4,50.0,0.0,0.1,0.0,0.1,0.2,50.0,0.2,0.4,50.0,0.3,0.6,50.0,0.6,1.4,46.7
Marcus Morris,BOS,29,1.6,2.5,62.4,0.4,0.8,46.6,0.5,1.3,35.4,0.6,1.2,52.3,0.6,2.0,32.2,1.4,3.4,39.8
Marcus Smart,BOS,25,0.9,1.5,63.0,0.2,0.6,36.4,0.1,0.3,38.5,0.1,0.3,30.0,0.7,1.8,38.4,1.0,2.6,36.2
Mario Hezonja,NYK,24,1.7,3.3,52.9,0.2,0.7,31.6,0.3,0.6,48.6,0.2,0.5,43.3,0.3,1.1,23.1,0.6,1.8,33.3
Markelle Fultz,ORL,21,1.9,3.5,56.1,0.3,0.8,40.0,0.6,1.7,34.4,0.3,1.3,20.0,0.2,0.5,40.0,0.1,0.2,50.0
Markieff Morris,OKC,29,1.3,2.2,58.3,0.5,1.1,49.2,0.3,1.1,30.3,0.2,0.4,48.0,0.5,1.5,33.7,0.7,2.0,33.1
Marquese Chriss,CLE,21,1.0,2.1,48.9,0.1,0.3,46.2,0.0,0.1,33.3,0.0,0.1,0.0,0.2,0.8,32.3,0.1,0.9,15.0
Marvin Bagley III,SAC,20,3.4,5.3,63.4,1.0,2.4,43.8,0.5,1.1,40.0,0.4,1.0,41.7,0.1,0.6,21.6,0.4,1.0,35.9
Marvin Williams,CHA,33,1.1,1.9,56.4,0.5,1.1,45.2,0.1,0.3,34.6,0.0,0.1,33.3,1.0,2.3,41.7,1.0,2.9,33.8
Mason Plumlee,DEN,29,2.7,4.0,67.1,0.3,0.8,37.1,0.1,0.3,48.0,0.0,0.1,33.3,0.0,0.1,37.5,0.0,0.0,0.0
Matthew Dellavedova,CLE,28,0.4,0.8,54.1,0.4,0.9,48.8,0.2,0.4,40.0,0.1,0.2,40.0,0.2,0.6,40.7,0.7,2.0,32.7
Maurice Harkless,POR,26,2.4,3.8,63.2,0.2,0.4,34.6,0.0,0.1,40.0,0.0,0.1,0.0,0.4,1.4,27.1,0.2,0.6,29.7
Maxi Kleber,DAL,27,1.0,1.6,64.3,0.1,0.3,55.6,0.1,0.3,39.1,0.0,0.1,20.0,0.5,1.5,34.0,0.6,1.7,38.1
Melvin Frazier Jr.,ORL,22,0.6,0.8,75.0,0.0,0.2,0.0,0.0,0.4,0.0,0.1,0.3,50.0,0.0,0.4,0.0,0.0,0.3,0.0
Meyers Leonard,POR,27,1.1,1.5,71.4,0.1,0.2,41.7,0.1,0.3,47.1,0.1,0.2,33.3,0.3,0.6,55.6,0.5,1.2,41.3
Michael Beasley,LAL,30,2.1,3.3,64.7,0.3,1.0,32.0,0.3,0.8,33.3,0.1,0.3,33.3,0.1,0.5,25.0,0.0,0.3,14.3
Michael Carter-Williams,ORL,27,0.9,2.0,45.5,0.3,0.8,40.9,0.1,0.2,33.3,0.0,0.0,0.0,0.2,0.6,40.0,0.1,0.8,17.4
Michael Kidd-Gilchrist,CHA,25,1.6,2.8,57.9,0.2,0.7,34.1,0.1,0.3,27.3,0.2,0.3,55.0,0.3,0.8,38.5,0.0,0.2,27.3
Mikal Bridges,PHX,22,1.4,2.2,63.3,0.1,0.4,33.3,0.1,0.3,28.6,0.0,0.1,36.4,0.7,2.2,32.2,0.6,1.7,35.3
Mike Conley,MEM,31,2.1,3.8,54.9,0.8,1.7,48.3,0.9,2.2,42.8,0.6,1.4,43.8,1.0,2.6,37.0,1.6,4.2,36.9
Mike Muscala,LAL,27,0.6,1.0,57.1,0.1,0.2,45.5,0.1,0.2,50.0,0.1,0.2,53.8,0.4,1.3,30.0,1.0,2.8,37.1
Mike Scott,PHI,30,0.4,0.9,47.8,0.1,0.5,23.3,0.2,0.3,52.2,0.1,0.3,37.5,0.6,1.5,40.4,0.7,1.8,40.3
Miles Bridges,CHA,21,1.9,3.0,62.7,0.2,0.5,33.3,0.1,0.2,37.5,0.0,0.1,14.3,0.5,1.4,32.7,0.4,1.2,35.4
Miles Plumlee,ATL,30,1.6,2.2,73.0,0.2,0.3,66.7,0.1,0.3,25.0,0.0,0.1,0.0,0.0,0.0,0.0,0.0,0.0,0.0
Milos Teodosic,LAC,32,0.2,0.3,75.0,0.0,0.2,0.0,0.1,0.1,100,0.1,0.3,50.0,0.3,0.8,33.3,0.5,1.1,46.7
Mitchell Creek,MIN,27,1.8,3.0,58.3,0.3,0.3,100,0.0,0.0,0.0,0.0,0.3,0.0,0.0,0.7,0.0,0.0,0.0,0.0
Mitchell Robinson,NYK,21,3.0,4.3,69.8,0.0,0.0,66.7,0.0,0.0,100,0.0,0.0,0.0,0.0,0.0,0.0,0.0,0.0,0.0
Mo Bamba,ORL,21,1.5,2.0,72.6,0.2,0.5,32.0,0.0,0.3,14.3,0.3,0.7,48.4,0.2,0.7,28.1,0.3,1.0,31.1
Monte Morris,DEN,24,1.2,2.1,56.7,0.7,1.3,54.6,0.7,1.2,56.4,0.4,1.0,38.5,0.8,1.9,44.2,0.4,1.1,40.2
Montrezl Harrell,LAC,25,5.8,8.5,68.7,0.5,1.4,37.9,0.2,0.6,39.1,0.0,0.2,28.6,0.0,0.0,25.0,0.0,0.1,27.3
Moritz Wagner,LAL,22,1.0,1.8,54.7,0.2,0.3,50.0,0.0,0.1,0.0,0.1,0.1,66.7,0.2,0.4,35.3,0.4,1.4,26.7
Myles Turner,IND,23,2.1,3.1,65.8,0.5,1.1,43.6,0.5,0.9,48.6,0.8,2.1,40.0,0.5,1.1,42.5,0.9,2.2,38.6
Naz Mitrou-Long,UTA,25,0.3,0.7,44.4,0.0,0.0,0.0,0.0,0.0,0.0,0.0,0.0,0.0,0.0,0.3,0.0,0.1,0.6,25.0
Nemanja Bjelica,SAC,31,1.9,3.2,59.3,0.3,0.8,41.7,0.0,0.1,22.2,0.0,0.1,22.2,0.4,1.1,36.8,1.0,2.2,43.0
Nene,HOU,36,1.0,1.5,66.2,0.1,0.3,21.4,0.1,0.2,33.3,0.2,0.5,42.9,0.0,0.1,40.0,0.0,0.0,0.0
Nerlens Noel,OKC,25,1.6,2.3,70.6,0.2,0.6,39.1,0.2,0.4,39.4,0.1,0.3,30.0,0.0,0.0,0.0,0.0,0.0,0.0
Nick Young,DEN,34,0.0,0.0,0.0,0.0,0.0,0.0,0.0,0.3,0.0,0.0,0.0,0.0,0.5,1.3,40.0,0.3,0.8,33.3
Nicolas Batum,CHA,30,1.1,1.7,62.8,0.2,0.4,50.0,0.2,0.5,38.2,0.3,0.7,38.8,0.9,2.0,45.3,0.7,2.2,33.7
Nik Stauskas,CLE,25,0.5,1.2,46.3,0.0,0.1,22.2,0.2,0.4,48.0,0.2,0.4,52.0,0.4,1.3,30.8,0.6,1.5,41.2
Nikola Jokic,DEN,24,4.3,6.9,63.2,1.3,2.5,51.5,0.6,1.1,51.6,0.4,0.9,43.5,0.5,1.5,30.9,0.6,2.1,30.3
Nikola Mirotic,MIL,28,1.8,2.8,63.8,0.3,0.5,57.1,0.2,0.5,41.7,0.2,0.7,30.3,0.9,2.4,35.7,1.8,4.8,37.9
Nikola Vucevic,ORL,28,4.0,6.0,66.9,1.8,3.5,51.8,0.8,2.0,39.5,0.8,2.0,40.9,0.5,1.1,41.6,0.9,2.4,37.9
Noah Vonleh,NYK,23,1.8,3.1,56.4,0.5,1.0,49.2,0.0,0.1,37.5,0.1,0.2,35.7,0.2,0.6,33.3,0.5,1.5,34.0
Norman Powell,TOR,26,1.7,2.8,60.4,0.2,0.4,56.0,0.0,0.1,12.5,0.1,0.4,31.8,0.6,1.3,48.1,0.5,1.5,34.1
OG Anunoby,TOR,21,1.6,2.5,63.1,0.0,0.2,18.8,0.0,0.1,37.5,0.0,0.1,50.0,0.6,1.8,32.0,0.4,1.3,34.5
Okaro White,WAS,26,0.0,0.0,0.0,0.0,0.0,0.0,0.0,0.0,0.0,0.0,0.0,0.0,0.0,0.5,0.0,0.0,0.3,0.0
Omari Spellman,ATL,21,1.0,2.1,49.5,0.0,0.1,16.7,0.0,0.1,16.7,0.0,0.1,50.0,0.6,1.5,41.8,0.4,1.4,28.1
Omri Casspi,MEM,31,1.7,2.6,67.4,0.3,0.7,39.1,0.0,0.1,0.0,0.0,0.0,0.0,0.1,0.3,41.7,0.3,0.8,34.5
Otto Porter Jr.,CHI,26,1.4,2.1,65.0,0.5,0.9,56.3,0.6,1.3,42.5,0.7,1.7,41.2,1.2,2.6,44.2,1.0,2.8,36.9
PJ Dozier,BOS,22,1.5,1.8,85.7,0.0,0.4,0.0,0.0,0.7,0.0,0.0,0.5,0.0,0.0,0.5,0.0,0.4,1.4,28.6
PJ Tucker,HOU,34,0.6,1.2,49.5,0.1,0.3,28.6,0.1,0.1,55.6,0.0,0.0,0.0,1.4,3.7,38.0,0.4,1.1,37.5
Pascal Siakam,TOR,25,4.4,6.6,67.1,0.7,1.7,40.4,0.3,0.6,45.7,0.1,0.2,50.0,0.9,2.1,41.6,0.1,0.6,22.0
Pat Connaughton,MIL,26,1.4,2.0,69.7,0.1,0.3,50.0,0.0,0.1,0.0,0.1,0.1,62.5,0.3,0.9,32.1,0.8,2.4,33.1
Patrick Beverley,LAC,30,0.7,1.6,46.4,0.2,0.6,38.0,0.0,0.2,25.0,0.0,0.1,25.0,0.6,1.4,40.4,0.9,2.3,39.2
Patrick McCaw,TOR,23,0.5,0.9,56.0,0.1,0.2,33.3,0.0,0.1,0.0,0.0,0.1,50.0,0.3,0.6,56.3,0.0,0.3,0.0
Patrick Patterson,OKC,30,0.3,0.6,53.8,0.1,0.3,27.8,0.1,0.3,38.9,0.0,0.1,20.0,0.5,1.3,38.5,0.3,1.0,30.0
Patty Mills,SAS,30,0.8,1.3,62.9,0.1,0.3,48.0,0.1,0.2,42.9,0.3,0.9,32.5,1.0,2.4,41.5,1.1,3.0,38.3
Pau Gasol,MIL,38,0.7,1.3,51.3,0.2,0.5,35.7,0.1,0.3,40.0,0.2,0.4,38.5,0.1,0.3,40.0,0.1,0.3,50.0
Paul George,OKC,29,3.0,5.1,59.0,0.5,1.3,37.9,0.7,1.8,40.7,0.9,2.3,39.3,1.7,4.1,42.1,2.3,6.1,37.2
Paul Millsap,DEN,34,2.7,4.5,60.5,0.6,1.6,37.6,0.4,0.9,43.5,0.1,0.3,31.6,0.5,1.2,37.2,0.4,1.0,34.2
Quincy Acy,PHX,28,0.2,0.2,100,0.0,0.0,0.0,0.0,0.1,0.0,0.0,0.0,0.0,0.1,0.6,16.7,0.1,0.9,11.1
Quincy Pondexter,SAS,31,0.4,0.6,60.7,0.1,0.1,75.0,0.1,0.2,33.3,0.0,0.0,0.0,0.1,0.3,46.2,0.0,0.1,20.0
Quinn Cook,GSW,26,0.7,1.2,55.2,0.2,0.3,55.0,0.2,0.7,35.6,0.6,1.0,61.8,0.5,1.1,45.3,0.8,2.0,37.3
RJ Hunter,BOS,25,1.0,2.0,50.0,0.0,0.0,0.0,1.0,1.0,100,0.0,0.0,0.0,0.0,0.0,0.0,3.0,7.0,42.9
Rajon Rondo,LAL,33,2.0,4.2,46.9,0.3,0.8,41.7,0.1,0.5,22.7,0.2,0.6,33.3,0.3,1.0,29.2,0.9,2.2,39.8
Raul Neto,UTA,27,1.0,1.6,63.3,0.2,0.4,40.0,0.2,0.6,42.1,0.1,0.1,50.0,0.3,1.0,28.9,0.2,0.6,39.1
Rawle Alkins,CHI,21,0.9,2.4,37.5,0.1,0.3,50.0,0.0,0.1,0.0,0.0,0.0,0.0,0.3,0.5,50.0,0.1,0.8,14.3
Ray Spalding,PHX,22,1.3,2.4,54.5,0.4,0.6,62.5,0.2,0.2,100,0.0,0.1,0.0,0.0,0.1,0.0,0.0,0.1,0.0
Raymond Felton,OKC,35,0.3,0.6,52.6,0.3,0.5,50.0,0.1,0.3,30.0,0.3,0.7,45.5,0.3,0.8,37.5,0.5,1.2,36.6
Reggie Bullock,LAL,28,0.8,1.4,57.0,0.1,0.3,28.6,0.1,0.5,28.6,0.5,0.8,53.8,1.1,2.5,42.5,1.3,3.8,35.4
Reggie Jackson,DET,29,1.3,2.6,50.7,0.8,1.8,42.3,0.5,1.1,44.7,0.6,1.3,50.0,0.6,1.8,34.9,1.5,3.9,37.6
Richaun Holmes,PHX,25,2.7,3.9,69.0,0.3,0.9,38.7,0.2,0.4,37.9,0.0,0.0,0.0,0.0,0.0,0.0,0.0,0.0,0.0
Ricky Rubio,UTA,28,1.7,3.0,55.9,0.3,0.8,34.0,0.5,1.3,34.8,0.7,1.6,42.7,0.8,2.3,32.7,0.5,1.7,29.3
Robert Covington,MIN,28,1.4,2.2,64.5,0.2,0.6,35.0,0.1,0.4,35.7,0.2,0.6,30.0,0.9,2.1,44.0,1.5,4.4,35.1
Robert Williams III,BOS,21,1.2,1.6,76.1,0.0,0.0,0.0,0.0,0.1,33.3,0.0,0.0,0.0,0.0,0.0,0.0,0.0,0.0,0.0
Robin Lopez,CHI,31,2.6,3.9,66.3,1.2,2.2,52.8,0.2,0.3,56.0,0.1,0.3,25.0,0.1,0.2,23.5,0.1,0.3,20.8
Rodions Kurucs,BKN,21,2.2,3.6,59.4,0.0,0.3,15.0,0.0,0.1,28.6,0.0,0.0,50.0,0.4,1.3,34.6,0.5,1.7,30.5
Rodney Hood,POR,26,0.9,1.5,61.1,0.5,1.3,40.7,0.6,1.3,45.3,0.6,1.4,43.3,0.8,1.9,42.1,0.6,1.8,33.1
Rodney McGruder,LAC,27,1.1,1.9,57.6,0.3,1.0,31.8,0.2,0.6,32.4,0.0,0.1,50.0,0.7,1.9,34.4,0.5,1.5,34.3
Ron Baker,WAS,26,0.1,0.4,40.0,0.0,0.0,0.0,0.0,0.0,0.0,0.1,0.2,50.0,0.1,0.5,14.3,0.0,0.4,0.0
Rondae Hollis-Jefferson,BKN,24,2.6,5.2,50.0,0.4,1.2,32.4,0.2,0.9,25.5,0.1,0.2,28.6,0.1,0.7,20.5,0.0,0.2,10.0
Royce O'Neale,UTA,26,1.0,1.6,64.7,0.0,0.2,22.2,0.0,0.1,25.0,0.0,0.0,50.0,0.5,1.3,40.0,0.3,0.7,41.7
Rudy Gay,SAS,32,1.7,2.8,60.0,0.7,1.7,42.4,1.0,1.7,57.4,0.8,1.5,51.5,0.8,1.7,47.4,0.5,1.4,36.7
Rudy Gobert,UTA,27,5.7,8.1,70.0,0.2,0.5,32.5,0.0,0.1,14.3,0.0,0.1,20.0,0.0,0.0,0.0,0.0,0.0,0.0
Russell Westbrook,OKC,30,4.8,7.8,61.2,0.3,1.2,24.7,0.9,2.3,38.0,0.9,2.8,31.8,0.8,2.5,32.6,1.0,3.5,27.5
Ryan Anderson,MIA,31,0.3,0.6,50.0,0.0,0.0,0.0,0.0,0.3,16.7,0.1,0.2,40.0,0.3,0.8,31.6,0.2,1.0,20.8
Ryan Arcidiacono,CHI,25,0.6,1.0,56.8,0.4,0.8,47.5,0.2,0.4,54.8,0.1,0.3,57.1,0.4,1.1,40.4,0.6,1.6,35.3
Ryan Broekhoff,DAL,28,0.3,0.5,63.6,0.0,0.1,33.3,0.0,0.1,20.0,0.1,0.1,100,0.5,1.3,41.3,0.5,1.2,41.3
Salah Mejri,DAL,33,1.1,1.8,63.5,0.1,0.3,44.4,0.0,0.0,0.0,0.0,0.1,0.0,0.1,0.4,33.3,0.2,0.6,27.3
Sam Dekker,WAS,25,2.0,3.3,60.5,0.0,0.3,7.7,0.1,0.2,27.3,0.1,0.2,57.1,0.2,0.7,27.3,0.2,0.8,28.9
Scott Machado,LAL,29,0.8,1.0,75.0,0.0,0.0,0.0,0.0,0.0,0.0,0.0,0.3,0.0,0.0,0.0,0.0,0.3,0.3,100
Semi Ojeleye,BOS,24,0.6,0.8,71.7,0.1,0.2,33.3,0.0,0.1,0.0,0.0,0.1,40.0,0.3,0.8,31.8,0.3,0.9,31.9
Serge Ibaka,TOR,29,2.9,4.0,72.6,0.8,1.8,46.6,0.8,1.6,49.1,0.8,1.7,49.2,0.5,1.1,42.4,0.4,1.6,26.4
Seth Curry,POR,28,0.5,0.9,54.5,0.1,0.3,45.8,0.2,0.4,50.0,0.4,0.9,47.8,0.8,2.0,39.7,0.8,1.7,44.4
Shabazz Napier,BKN,27,1.0,1.9,52.8,0.1,0.4,25.0,0.3,0.6,43.8,0.3,0.7,38.9,0.5,1.4,36.7,0.9,2.8,32.3
Shai Gilgeous-Alexander,LAC,20,1.9,3.3,59.0,0.4,0.9,44.4,0.6,1.6,39.6,0.5,1.2,45.8,0.4,1.1,37.4,0.2,0.6,35.8
Shake Milton,PHI,22,0.6,1.1,54.5,0.1,0.4,25.0,0.2,0.3,60.0,0.1,0.3,33.3,0.5,1.2,40.9,0.3,1.2,25.0
Shaquille Harrison,CHI,25,1.9,3.6,53.5,0.2,0.6,32.6,0.1,0.3,23.8,0.0,0.2,9.1,0.1,0.5,27.0,0.2,0.7,29.4
Shaun Livingston,GSW,33,0.7,1.2,60.5,0.3,0.5,57.1,0.5,1.2,43.4,0.2,0.3,47.6,0.0,0.0,0.0,0.0,0.0,0.0
Shelvin Mack,CHA,29,1.2,2.2,55.9,0.4,1.1,36.7,0.2,0.7,31.0,0.2,0.6,28.6,0.2,0.9,24.5,0.6,1.5,40.0
Sindarius Thornwell,LAC,24,0.2,0.4,43.5,0.1,0.2,40.0,0.0,0.0,0.0,0.0,0.0,0.0,0.0,0.2,10.0,0.0,0.1,40.0
Skal Labissiere,POR,23,0.7,1.1,60.9,0.1,0.3,40.0,0.1,0.2,33.3,0.1,0.2,50.0,0.1,0.2,75.0,0.2,0.6,40.0
Solomon Hill,NOP,28,0.7,1.2,56.9,0.0,0.2,20.0,0.1,0.2,50.0,0.0,0.1,0.0,0.4,1.0,34.8,0.4,1.3,30.4
Spencer Dinwiddie,BKN,26,2.7,4.5,59.3,0.4,1.2,38.0,0.3,0.7,48.9,0.1,0.3,34.8,0.6,1.8,31.1,1.2,3.4,36.1
Stanley Johnson,NOP,23,1.0,2.1,49.6,0.3,0.6,53.8,0.2,0.5,41.9,0.1,0.2,50.0,0.5,1.7,30.2,0.4,1.6,27.4
Stephen Curry,GSW,31,2.3,3.7,62.1,0.4,1.0,43.9,0.3,0.8,44.2,0.7,1.6,43.1,1.8,3.5,50.4,3.4,8.0,42.2
Sterling Brown,MIL,24,1.4,2.4,58.2,0.1,0.3,46.7,0.1,0.1,50.0,0.1,0.1,50.0,0.6,1.2,50.7,0.3,1.4,23.4
Steven Adams,OKC,25,4.6,7.2,64.1,1.1,2.3,47.5,0.3,0.6,52.2,0.0,0.0,0.0,0.0,0.0,0.0,0.0,0.0,0.0
Svi Mykhailiuk,DET,22,0.2,0.6,43.5,0.0,0.2,14.3,0.0,0.1,33.3,0.1,0.3,25.0,0.4,1.1,33.3,0.4,1.3,32.1
T.J. McConnell,PHI,27,1.0,1.5,66.1,0.5,1.0,50.0,0.7,1.4,45.5,0.5,1.0,55.4,0.2,0.4,43.3,0.1,0.2,25.0
T.J. Warren,PHX,25,3.1,4.9,62.7,0.9,2.2,41.1,0.8,1.8,42.9,0.3,1.0,36.6,0.8,2.0,38.6,1.0,2.3,43.9
TJ Leaf,IND,22,1.2,1.6,72.3,0.3,0.7,46.2,0.1,0.3,26.7,0.0,0.1,0.0,0.1,0.3,20.0,0.1,0.3,35.3
Tahjere McCall,BKN,24,2.0,2.0,100,0.0,0.0,0.0,0.0,0.0,0.0,0.0,0.0,0.0,0.0,1.0,0.0,0.0,0.0,0.0
Taj Gibson,MIN,34,3.3,5.1,65.8,0.4,1.0,35.6,0.2,0.5,40.6,0.2,0.5,53.1,0.2,0.6,35.9,0.0,0.1,16.7
Taurean Prince,ATL,25,1.5,2.4,61.5,0.3,0.8,39.5,0.4,1.0,36.4,0.3,0.7,40.5,1.3,3.1,42.4,1.0,2.7,37.1
Terrance Ferguson,OKC,21,0.9,1.3,69.1,0.0,0.2,25.0,0.0,0.1,30.0,0.0,0.1,12.5,1.0,2.7,37.3,0.5,1.4,35.0
Terrence Jones,HOU,27,0.5,1.0,50.0,0.0,0.0,0.0,0.0,0.0,0.0,0.0,0.0,0.0,0.0,0.5,0.0,0.0,0.5,0.0
Terrence Ross,ORL,28,0.7,1.1,64.0,0.2,0.4,51.4,0.4,0.9,46.5,1.1,2.5,44.2,1.0,2.4,39.9,2.0,5.2,38.7
Terry Rozier,BOS,25,1.0,1.9,53.4,0.2,0.7,34.5,0.2,0.7,32.8,0.2,0.6,32.7,0.7,1.7,38.5,0.9,2.7,32.9
Thabo Sefolosha,UTA,35,0.5,0.9,57.8,0.1,0.2,50.0,0.0,0.1,40.0,0.1,0.1,66.7,0.5,1.3,40.0,0.2,0.4,44.4
Thaddeus Young,IND,31,3.8,6.0,62.7,0.8,1.7,48.2,0.1,0.3,35.7,0.1,0.4,16.7,0.4,1.0,35.3,0.3,0.8,35.4
Theo Pinson,BKN,23,0.8,1.2,63.2,0.0,0.2,0.0,0.0,0.1,0.0,0.0,0.1,0.0,0.1,0.7,20.0,0.6,2.1,29.7
Thomas Bryant,WAS,21,3.2,4.1,77.9,0.3,0.6,47.5,0.1,0.3,40.9,0.3,0.6,46.7,0.1,0.4,25.8,0.4,1.1,36.0
Thomas Welsh,DEN,23,0.1,0.1,100,0.0,0.0,0.0,0.2,0.2,100,0.2,0.6,33.3,0.1,0.4,33.3,0.4,0.7,60.0
Thon Maker,DET,22,0.8,1.3,60.0,0.1,0.2,28.6,0.0,0.1,33.3,0.0,0.1,14.3,0.5,1.3,37.5,0.3,1.2,27.0
Tim Frazier,MIL,28,0.9,1.6,55.6,0.1,0.2,38.5,0.2,0.5,44.4,0.1,0.4,33.3,0.3,0.8,40.0,0.4,1.1,36.1
Tim Hardaway Jr.,DAL,27,1.7,3.2,54.1,0.3,1.0,27.3,0.5,1.3,41.7,0.7,1.9,36.8,1.0,2.6,40.1,1.7,5.2,33.1
Timothe Luwawu-Cabarrot,CHI,24,0.8,1.5,53.4,0.0,0.1,0.0,0.0,0.2,28.6,0.1,0.4,23.1,0.6,1.4,39.4,0.3,1.2,23.5
Tobias Harris,PHI,26,2.8,4.8,59.7,1.0,1.9,50.6,0.8,1.9,43.5,0.9,1.8,47.9,0.8,1.7,44.7,1.2,3.2,37.7
Tomas Satoransky,WAS,27,1.6,2.5,62.6,0.5,0.9,54.3,0.2,0.6,25.0,0.1,0.5,29.7,0.5,1.0,45.0,0.4,1.1,36.7
Tony Bradley,UTA,21,2.7,4.7,57.1,0.0,0.3,0.0,0.0,0.5,0.0,0.0,0.0,0.0,0.0,0.0,0.0,0.0,0.0,0.0
Tony Parker,CHA,37,1.6,3.0,54.8,0.5,1.1,42.6,0.5,0.8,63.0,0.8,2.0,37.5,0.3,0.8,38.1,0.1,0.6,25.8
Tony Snell,MIL,27,0.9,1.4,64.2,0.1,0.2,29.4,0.0,0.2,21.4,0.1,0.2,33.3,0.5,1.2,41.9,0.6,1.6,37.7
Torrey Craig,DEN,28,1.2,1.9,62.8,0.1,0.3,42.1,0.1,0.1,50.0,0.0,0.1,11.1,0.5,1.7,33.1,0.3,0.9,30.9
Trae Young,ATL,20,2.6,4.9,53.2,0.7,1.5,44.9,1.0,2.0,46.4,0.3,0.8,34.9,0.3,1.1,28.9,1.4,4.4,31.8
Treveon Graham,BKN,25,0.4,0.7,50.0,0.1,0.5,29.4,0.2,0.5,44.4,0.0,0.0,0.0,0.4,1.7,24.1,0.7,2.0,34.8
Trevon Duval,HOU,20,0.5,0.5,100,0.0,0.0,0.0,0.0,0.0,0.0,0.0,1.0,0.0,1.0,1.0,100,0.0,0.0,0.0
Trevor Ariza,WAS,33,1.9,3.4,54.9,0.1,0.4,16.0,0.0,0.2,21.4,0.1,0.3,47.4,1.1,3.0,38.7,1.0,3.4,29.5
Trey Burke,DAL,26,1.5,2.6,56.3,0.4,0.9,38.2,0.5,1.3,36.0,0.6,1.4,41.5,0.5,1.3,41.1,0.7,1.9,36.4
Trey Lyles,DEN,23,1.7,2.6,65.0,0.4,1.1,35.8,0.2,0.7,34.1,0.1,0.3,56.3,0.5,1.6,30.6,0.4,1.8,21.5
Tristan Thompson,CLE,28,3.0,5.1,59.2,1.3,2.6,47.8,0.4,0.9,40.0,0.0,0.2,14.3,0.0,0.0,50.0,0.0,0.0,0.0
Troy Brown Jr.,WAS,19,1.0,1.6,62.5,0.2,0.7,26.5,0.1,0.4,15.8,0.2,0.5,40.9,0.3,0.8,40.0,0.3,0.9,27.9
Troy Caupain,ORL,23,0.0,0.3,0.0,0.0,0.0,0.0,0.5,1.0,50.0,0.0,0.3,0.0,0.3,0.5,50.0,0.5,0.5,100
Troy Daniels,PHX,27,0.2,0.5,40.7,0.1,0.2,63.6,0.1,0.1,57.1,0.2,0.5,42.3,0.7,1.6,46.2,0.9,2.5,34.9
Troy Williams,SAC,24,1.2,2.0,63.4,0.2,0.4,37.5,0.0,0.0,0.0,0.0,0.1,33.3,0.3,0.8,35.3,0.4,1.3,28.6
Tyler Cavanaugh,UTA,25,0.2,0.4,50.0,0.0,0.1,0.0,0.0,0.0,0.0,0.0,0.0,0.0,0.1,0.5,25.0,0.0,0.1,0.0
Tyler Davis,OKC,22,0.0,1.0,0.0,-,-,-,0.0,0.0,0.0,-,-,-,-,-,-,-,-,-
Tyler Dorsey,MEM,23,0.9,1.6,53.8,0.2,0.3,43.8,0.0,0.2,22.2,0.2,0.4,36.8,0.4,1.2,33.3,0.7,1.9,35.6
Tyler Johnson,PHX,27,1.4,2.2,60.6,0.4,1.1,41.7,0.3,0.8,38.3,0.1,0.3,29.4,0.5,1.8,28.4,1.1,3.0,36.0
Tyler Lydon,DEN,23,0.2,0.4,62.5,0.0,0.0,0.0,0.0,0.0,0.0,0.0,0.0,0.0,0.1,0.3,40.0,0.1,0.2,40.0
Tyler Ulis,CHI,23,-,-,-,-,-,-,0.0,0.0,0.0,0.0,0.0,0.0,-,-,-,-,-,-
Tyler Zeller,MEM,29,1.8,3.0,61.1,0.7,1.7,40.0,0.2,0.2,100,0.0,0.0,0.0,0.0,0.2,0.0,0.0,0.0,0.0
Tyreke Evans,IND,29,2.0,4.5,44.8,0.2,0.6,28.2,0.1,0.1,44.4,0.2,0.6,30.0,0.4,1.3,31.0,0.9,2.5,37.0
Tyrone Wallace,LAC,25,0.8,1.7,43.5,0.4,1.0,45.5,0.2,0.5,48.1,0.0,0.1,28.6,0.1,0.2,41.7,0.0,0.1,0.0
Tyson Chandler,LAL,36,1.1,1.7,65.2,0.0,0.1,20.0,0.0,0.0,0.0,0.0,0.0,0.0,0.0,0.0,0.0,0.0,0.0,0.0
Tyus Jones,MIN,23,0.9,1.7,52.6,0.5,1.1,47.4,0.4,1.0,38.2,0.1,0.6,25.0,0.5,1.2,40.0,0.3,0.9,30.2
Udonis Haslem,MIA,39,0.6,0.8,71.4,0.0,0.3,0.0,0.4,0.7,60.0,0.5,0.8,60.0,0.0,0.5,0.0,0.0,1.0,0.0
Victor Oladipo,IND,27,2.3,4.3,54.9,0.1,0.8,18.5,0.6,1.1,52.6,1.4,3.3,41.9,0.9,2.2,38.8,1.7,4.7,35.3
Vince Carter,ATL,42,0.6,1.1,56.8,0.1,0.3,28.6,0.2,0.4,46.4,0.1,0.2,41.7,0.6,1.4,45.4,1.0,2.8,35.8
Vincent Edwards,HOU,23,0.0,0.0,0.0,0.0,0.0,0.0,0.0,0.0,0.0,0.0,0.0,0.0,0.5,1.5,33.3,0.0,0.5,0.0
Wade Baldwin IV,POR,23,0.3,0.8,38.5,0.0,0.2,0.0,0.1,0.2,33.3,0.1,0.3,40.0,0.1,0.2,33.3,0.1,0.4,16.7
Walter Lemon Jr.,CHI,26,4.3,9.2,47.3,0.3,1.0,33.3,0.5,0.8,60.0,0.8,2.5,33.3,0.0,0.5,0.0,0.3,0.5,66.7
Wayne Ellington,DET,31,0.6,1.0,61.5,0.1,0.2,58.3,0.0,0.1,33.3,0.1,0.2,50.0,1.2,3.2,37.5,1.4,4.0,35.7
Wayne Selden,CHI,24,1.0,1.9,51.8,0.3,0.8,37.3,0.2,0.7,34.6,0.3,0.6,52.3,0.4,1.1,37.8,0.4,1.4,28.0
Wendell Carter Jr.,CHI,20,2.5,3.9,65.9,0.5,1.4,36.1,0.4,1.3,30.4,0.5,1.0,46.7,0.1,0.6,19.2,0.1,0.3,23.1
Wes Iwundu,ORL,24,0.9,1.6,52.7,0.1,0.3,21.1,0.1,0.3,40.9,0.1,0.4,21.4,0.3,0.8,36.4,0.2,0.6,41.0
Wesley Johnson,WAS,31,0.3,0.4,71.4,0.0,0.1,33.3,0.0,0.2,14.3,0.1,0.5,26.3,0.5,1.7,29.7,0.2,0.6,42.9
Wesley Matthews,IND,32,1.0,1.6,58.4,0.3,1.0,31.4,0.4,1.1,37.0,0.2,0.5,35.5,0.9,2.1,41.3,1.3,3.8,35.0
Will Barton,DEN,28,1.6,3.0,53.1,0.5,1.3,36.4,0.3,0.9,40.5,0.2,0.8,30.3,0.9,2.2,40.9,0.8,2.5,30.3
Willie Cauley-Stein,SAC,25,4.3,6.8,63.5,0.3,1.1,28.7,0.2,0.4,38.2,0.3,0.8,33.8,0.0,0.0,0.0,0.0,0.0,100
Willy Hernangomez,CHA,25,1.9,3.3,58.4,0.4,0.9,40.4,0.1,0.1,62.5,0.0,0.1,20.0,0.0,0.2,18.2,0.2,0.5,44.8
Wilson Chandler,LAC,32,0.7,1.2,58.3,0.1,0.4,31.6,0.1,0.3,35.7,0.1,0.4,38.9,0.4,1.0,38.5,0.8,2.1,38.0
Yante Maten,MIA,22,0.0,1.0,0.0,0.0,0.0,0.0,0.5,0.5,100,0.0,0.0,0.0,0.0,0.0,0.0,0.0,1.0,0.0
Yogi Ferrell,SAC,26,0.7,1.2,54.1,0.1,0.3,45.5,0.3,0.6,44.2,0.3,0.6,47.6,0.4,1.2,37.8,0.4,1.1,36.0
Yuta Watanabe,MEM,24,0.5,0.8,58.3,0.2,0.5,42.9,0.2,0.8,20.0,0.1,0.4,16.7,0.1,0.6,12.5,0.1,0.5,12.5
Zach Collins,POR,21,1.6,2.7,61.2,0.2,0.3,57.7,0.1,0.3,23.1,0.0,0.2,11.1,0.2,0.7,31.5,0.3,0.9,31.9
Zach LaVine,CHI,24,5.0,8.2,60.1,0.3,1.2,26.7,0.3,1.0,30.0,0.6,1.6,34.0,0.9,2.1,40.6,1.4,3.7,38.1
Zach Lofton,DET,26,0.0,0.0,0.0,0.0,0.0,0.0,0.0,0.0,0.0,0.0,0.0,0.0,0.0,0.0,0.0,0.0,1.0,0.0
Zaza Pachulia,DET,35,0.9,1.8,52.5,0.0,0.3,15.0,0.1,0.2,58.3,0.2,0.5,33.3,0.0,0.0,0.0,0.0,0.0,0.0
Zhaire Smith,PHI,20,1.0,2.0,50.0,0.2,0.2,100,0.0,0.3,0.0,0.2,0.5,33.3,0.2,0.8,20.0,0.8,1.8,45.5
Zhou Qi,HOU,23,1.0,1.0,100,0.0,0.0,0.0,-,-,-,-,-,-,-,-,-,-,-,-
