PLAYER,TEAM,AGE,GP,W,L,MIN,PTS_OFF_TOV,PTS_2ND_CHANCE,PTS_FB,PTS_PAINT,OPP_PTS_OFF_TOV,OPP_PTS_2ND_CHANCE,OPP_PTS_FB,OPP_PTS_PAINT,BLK,BLKA,PF,PFD
Aaron Gordon,ORL,23,78,40,38,33.8,2.2,2.1,1.9,7.5,10.4,7.4,8.1,33.5,0.7,0.7,2.2,3.4
Aaron Holiday,IND,22,50,31,19,12.9,1.0,0.3,0.9,1.7,3.9,3.6,3.5,12.0,0.3,0.2,1.4,1.2
Abdel Nader,OKC,25,61,38,23,11.4,0.8,0.5,0.7,1.9,3.7,3.5,3.3,11.4,0.2,0.1,1.1,0.6
Al Horford,BOS,33,68,41,27,29.0,1.6,1.6,0.7,6.5,8.2,8.5,8.0,27.8,1.3,0.4,1.9,1.8
Al-Farouq Aminu,POR,28,81,52,29,28.3,1.5,1.6,1.3,3.8,8.2,7.9,7.9,28.2,0.4,0.4,1.8,1.8
Alan Williams,BKN,26,5,1,4,5.1,0.0,1.6,0.0,2.8,1.0,1.4,1.8,5.2,0.0,0.0,0.4,0.6
Alec Burks,SAC,27,64,19,45,21.5,1.0,1.2,0.6,3.4,7.8,5.6,5.9,24.1,0.3,0.6,1.4,1.9
Alex Abrines,OKC,25,31,21,10,19.0,0.4,0.6,0.6,0.6,6.6,5.2,5.3,19.4,0.2,0.2,1.7,1.0
Alex Caruso,LAL,25,25,8,17,21.2,2.1,1.0,1.1,3.8,8.2,6.3,6.6,19.5,0.4,0.7,2.2,2.3
Alex Len,ATL,26,77,28,49,20.1,1.4,2.1,0.8,6.2,8.4,5.8,7.4,19.5,0.9,0.6,2.6,2.0
Alex Poythress,ATL,25,21,7,14,14.5,0.6,1.1,0.4,3.0,7.1,5.3,4.5,15.4,0.5,0.3,2.2,1.3
Alfonzo McKinnie,GSW,26,72,53,19,13.9,0.6,0.9,0.9,2.4,4.9,3.8,4.6,14.2,0.2,0.3,1.9,0.7
Alize Johnson,IND,23,14,9,5,4.6,0.1,0.5,0.0,0.4,1.3,2.7,2.4,5.0,0.2,0.1,0.5,0.3
Allen Crabbe,BKN,27,43,19,24,26.4,1.1,0.8,1.4,1.3,9.7,8.7,5.9,26.3,0.3,0.2,2.4,0.9
Allonzo Trier,NYK,23,64,13,51,22.8,1.7,0.9,1.5,4.2,8.3,7.4,5.6,24.5,0.2,1.0,1.8,2.8
Amile Jefferson,ORL,26,12,9,3,5.7,0.5,0.7,0.3,1.7,0.5,0.9,1.9,5.8,0.3,0.1,0.7,0.3
Amir Johnson,PHI,32,51,32,19,10.4,0.5,0.8,0.3,2.5,4.1,2.5,3.0,11.5,0.3,0.1,1.9,0.9
Andre Drummond,DET,25,79,40,39,33.5,3.1,5.5,1.2,13.8,10.9,8.1,8.6,34.4,1.7,1.1,3.4,4.1
Andre Iguodala,GSW,35,68,47,21,23.2,1.2,0.4,1.2,2.8,7.8,6.1,6.5,21.6,0.8,0.1,1.4,1.2
Andre Ingram,LAL,33,4,1,3,3.7,0.0,0.0,0.0,0.0,0.5,1.0,0.5,2.5,0.0,0.0,0.0,0.3
Andrew Bogut,GSW,34,11,8,3,12.2,0.2,0.9,0.0,3.1,4.1,2.7,4.5,10.5,0.7,0.1,2.0,0.7
Andrew Harrison,NOP,24,17,6,11,10.9,0.8,0.2,0.3,1.2,4.9,2.2,2.9,9.5,0.1,0.1,2.0,1.1
Andrew Wiggins,MIN,24,73,31,42,34.8,2.4,1.7,1.9,7.4,11.1,11.1,9.8,35.4,0.7,1.2,2.1,3.1
Anfernee Simons,POR,20,20,17,3,7.0,0.5,0.3,0.5,1.2,4.1,2.5,2.4,7.9,0.0,0.2,0.5,0.5
Angel Delgado,LAC,24,2,0,2,7.4,0.0,0.5,0.0,1.0,1.0,0.0,2.0,8.0,0.0,1.0,1.0,0.5
Ante Zizic,CLE,22,59,13,46,18.3,1.0,2.4,0.4,5.7,6.2,4.5,5.8,18.8,0.4,0.6,1.9,2.1
Anthony Davis,NOP,26,56,25,31,33.0,4.4,4.8,2.8,14.3,11.7,8.7,10.6,33.8,2.4,0.7,2.4,6.6
Anthony Tolliver,MIN,34,65,27,38,16.6,0.8,0.5,0.7,0.4,4.7,5.2,3.8,16.2,0.3,0.1,1.4,0.8
Antonio Blakeney,CHI,22,57,14,43,14.5,0.9,0.4,0.8,3.2,4.6,3.8,4.0,14.9,0.2,0.5,0.7,0.9
Aron Baynes,BOS,32,51,32,19,16.1,0.7,1.5,0.2,3.0,5.4,4.1,4.3,15.3,0.7,0.2,2.5,1.9
Austin Rivers,HOU,26,76,45,31,26.7,1.8,0.5,0.9,3.3,8.8,7.7,8.3,28.2,0.3,0.3,2.7,1.4
Avery Bradley,MEM,28,63,31,32,30.2,1.5,1.0,1.2,2.4,11.3,8.5,10.5,31.5,0.3,0.8,2.7,1.1
BJ Johnson,SAC,23,7,2,5,7.1,0.9,0.0,1.3,0.9,2.9,1.9,1.1,9.7,0.0,0.3,0.6,0.3
Bam Adebayo,MIA,21,82,39,43,23.3,1.5,2.0,0.9,6.4,8.3,6.2,5.5,20.3,0.8,0.4,2.5,2.8
Ben McLemore,SAC,26,19,7,12,8.3,0.6,0.2,1.0,0.4,2.9,2.6,2.9,8.9,0.2,0.2,1.2,0.4
Ben Simmons,PHI,22,79,50,29,34.2,2.4,2.2,3.3,13.3,13.4,8.7,11.1,37.6,0.8,0.7,2.6,4.7
Billy Garrett,NYK,24,4,1,3,15.9,0.0,0.0,0.0,4.0,4.0,3.3,2.5,13.5,0.3,0.0,0.8,1.0
Bismack Biyombo,CHA,26,54,24,30,14.5,0.5,1.1,0.1,3.1,3.9,4.0,4.4,14.4,0.8,0.4,1.9,1.5
Blake Griffin,DET,30,75,39,36,35.0,3.2,2.0,1.3,10.7,11.7,7.8,9.2,35.6,0.4,1.0,2.7,7.6
Boban Marjanovic,PHI,30,58,31,27,11.7,1.2,2.3,0.3,5.0,4.5,3.4,4.2,11.3,0.5,0.3,1.6,1.6
Bobby Portis,WAS,24,50,14,36,26.0,2.2,2.3,1.3,6.7,8.2,7.3,6.4,28.2,0.4,0.6,2.9,1.8
Bogdan Bogdanovic,SAC,26,70,32,38,27.8,1.9,1.2,1.7,4.8,9.8,8.4,7.2,27.9,0.2,0.6,2.0,2.6
Bojan Bogdanovic,IND,30,81,47,34,31.8,3.8,1.6,3.3,7.2,10.0,9.3,8.9,30.0,0.0,1.1,1.7,2.9
Bonzie Colson,MIL,23,8,6,2,12.3,0.4,1.0,1.1,1.8,4.4,3.6,5.0,13.0,0.1,0.4,0.4,0.8
Brad Wanamaker,BOS,29,36,27,9,9.5,0.8,0.3,1.3,1.4,2.9,2.9,2.3,8.7,0.1,0.1,0.9,0.6
Bradley Beal,WAS,26,82,32,50,36.9,3.6,1.8,3.5,10.0,12.9,10.8,10.6,40.1,0.7,0.8,2.8,4.4
Brandon Goodwin,DEN,23,16,10,6,3.6,0.7,0.1,0.3,0.5,0.9,1.0,0.4,3.6,0.0,0.0,0.4,0.6
Brandon Ingram,LAL,21,52,25,27,33.9,2.1,1.4,3.2,10.0,13.1,9.9,12.5,36.2,0.6,1.0,2.9,5.1
Brandon Knight,CLE,27,39,17,22,18.9,1.1,0.2,0.7,1.6,6.4,5.1,6.5,20.1,0.1,0.4,1.6,1.3
Brandon Sampson,CHI,22,14,3,11,15.3,0.9,0.4,0.8,2.4,4.6,2.9,3.9,15.9,0.2,0.1,1.4,0.4
Brook Lopez,MIL,31,81,60,21,28.7,1.0,0.9,0.9,3.8,8.6,7.4,6.1,24.8,2.2,0.2,2.3,1.6
Bruce Brown,DET,22,74,35,39,19.6,0.9,0.5,0.6,2.7,6.9,4.4,5.2,20.1,0.5,0.5,2.4,0.7
Bruno Caboclo,MEM,23,34,14,20,23.5,1.3,1.4,0.5,2.6,7.5,5.9,8.0,20.6,1.0,0.4,2.4,1.1
Bryn Forbes,SAS,25,82,48,34,28.0,1.6,0.9,1.8,2.5,8.6,7.0,8.0,26.4,0.0,0.4,1.9,1.0
Buddy Hield,SAC,26,82,39,43,31.9,3.6,2.1,5.0,5.4,10.5,10.0,9.6,34.1,0.4,0.7,2.5,1.8
C.J. Williams,MIN,29,15,4,11,8.5,0.4,0.2,0.3,0.9,1.8,3.1,1.8,8.8,0.0,0.1,1.1,0.2
CJ McCollum,POR,27,70,43,27,33.9,2.5,1.8,2.7,7.0,10.4,9.9,9.7,34.1,0.4,0.9,2.5,2.4
CJ Miles,MEM,32,53,33,20,16.2,0.7,0.3,0.9,1.2,4.9,4.4,5.6,15.6,0.3,0.3,1.5,0.9
Caleb Swanigan,SAC,22,21,10,11,8.5,0.3,0.5,0.2,1.5,3.5,2.1,2.8,8.6,0.0,0.3,1.3,0.7
Cameron Payne,CLE,24,40,7,33,17.8,1.0,0.6,0.6,2.8,6.2,5.0,4.9,17.3,0.2,0.2,1.6,1.1
Cameron Reynolds,MIN,24,19,6,13,13.7,1.1,0.3,0.4,0.8,3.7,4.5,3.3,12.8,0.1,0.2,1.4,0.4
Caris LeVert,BKN,24,40,19,21,26.6,2.4,1.2,1.2,7.8,8.7,8.6,7.4,26.7,0.4,0.7,1.9,2.8
Carmelo Anthony,HOU,35,10,4,6,29.4,0.9,1.2,1.1,3.2,9.3,8.5,7.0,31.2,0.7,0.4,3.2,2.1
Cedi Osman,CLE,24,76,17,59,32.2,1.6,1.2,1.8,5.0,11.2,8.9,9.8,34.1,0.1,0.6,2.6,2.2
Chandler Hutchison,CHI,23,44,10,34,20.3,1.1,0.6,1.4,3.4,6.4,4.9,5.7,20.2,0.1,0.3,1.3,1.0
Chandler Parsons,MEM,30,25,11,14,19.8,0.5,0.5,1.2,2.3,5.8,5.4,7.9,18.9,0.2,0.3,1.8,1.1
Channing Frye,CLE,36,36,7,29,9.5,0.2,0.4,0.0,0.3,2.8,2.7,2.9,9.5,0.1,0.1,1.2,0.4
Chasson Randle,WAS,26,49,19,30,15.2,1.1,0.6,0.6,1.7,5.4,4.3,4.7,16.7,0.1,0.3,1.9,1.1
Cheick Diallo,NOP,22,64,27,37,14.0,0.8,1.1,0.7,4.3,5.8,4.1,4.3,14.7,0.5,0.3,1.8,1.0
Chimezie Metu,SAS,22,29,14,15,5.0,0.7,0.2,0.3,1.2,2.5,1.2,1.4,5.2,0.1,0.1,0.5,0.4
Chris Boucher,TOR,26,28,21,7,5.8,0.3,1.1,0.4,1.6,2.1,2.3,2.3,6.2,0.9,0.3,1.1,0.5
Chris Chiozza,HOU,23,7,6,1,4.6,0.4,0.0,0.0,0.0,0.9,1.4,2.1,7.4,0.1,0.1,0.3,0.1
Chris Paul,HOU,34,58,39,19,32.0,2.7,1.6,1.1,3.8,10.5,8.3,8.3,33.2,0.3,0.3,2.5,3.2
Christian Wood,NOP,23,21,13,8,11.9,1.1,1.3,1.1,4.6,5.1,3.6,5.2,13.0,0.5,0.2,0.8,1.7
Clint Capela,HOU,25,67,44,23,33.6,2.0,3.5,2.4,14.1,11.4,9.1,10.0,35.5,1.5,0.9,2.5,3.3
Cody Zeller,CHA,26,49,22,27,25.4,1.8,1.6,0.7,7.4,7.3,7.5,6.5,24.8,0.8,0.9,3.3,3.1
Collin Sexton,CLE,20,82,19,63,31.8,2.3,1.2,2.5,6.2,11.0,8.5,10.0,33.5,0.1,1.2,2.3,3.1
Corey Brewer,SAC,33,31,13,18,15.9,0.8,0.4,1.2,2.5,5.3,3.7,4.8,15.2,0.2,0.3,2.0,1.1
Cory Joseph,IND,27,82,48,34,25.2,1.1,0.6,0.7,2.4,7.1,6.4,6.9,23.4,0.3,0.3,1.6,1.1
Courtney Lee,DAL,33,34,6,28,12.6,0.6,0.1,0.5,1.1,2.9,3.2,4.0,12.9,0.1,0.1,0.9,0.6
Cristiano Felicio,CHI,26,60,16,44,12.4,0.5,1.1,0.3,3.0,4.0,3.2,3.4,13.6,0.1,0.4,1.2,1.1
D'Angelo Russell,BKN,23,81,42,39,30.2,3.0,1.6,2.4,7.2,11.1,9.9,7.7,32.7,0.2,0.5,1.7,2.3
D.J. Augustin,ORL,31,81,42,39,28.0,1.7,0.8,1.3,3.8,8.5,6.2,7.8,28.2,0.0,0.5,1.4,2.5
D.J. Wilson,MIL,23,48,37,11,18.4,1.1,1.0,0.5,2.0,5.8,4.3,5.8,16.0,0.4,0.2,1.8,0.9
DJ Stephens,MEM,28,1,0,1,6.7,0.0,0.0,0.0,2.0,0.0,2.0,0.0,6.0,0.0,1.0,0.0,0.0
Dairis Bertans,NOP,29,12,3,9,13.9,0.0,0.0,0.3,0.0,6.3,4.8,4.2,13.2,0.0,0.2,0.6,0.6
Damian Jones,GSW,24,24,15,9,17.1,0.5,0.8,0.3,4.3,6.6,5.2,4.7,17.5,1.0,0.5,2.6,1.5
Damian Lillard,POR,28,80,51,29,35.5,3.5,1.8,2.6,7.8,10.6,9.9,10.2,35.5,0.4,1.1,1.9,4.9
Damion Lee,GSW,26,32,18,14,11.7,0.7,0.5,0.9,1.1,4.8,4.1,4.4,12.0,0.0,0.3,0.9,0.8
Damyean Dotson,NYK,25,73,12,61,27.4,1.5,1.1,1.4,2.3,9.9,8.3,6.9,28.2,0.1,0.2,1.8,1.2
Daniel Hamilton,ATL,23,19,7,12,10.7,0.2,0.5,0.4,1.5,3.8,2.8,3.5,10.7,0.1,0.3,1.0,0.6
Daniel Theis,BOS,27,66,38,28,13.8,0.7,1.4,0.2,3.3,4.5,3.7,3.3,12.5,0.6,0.2,2.4,1.1
Danilo Gallinari,LAC,30,68,40,28,30.3,2.9,1.7,1.5,5.2,10.6,8.0,9.4,32.7,0.3,0.6,1.9,4.9
Danny Green,TOR,32,80,56,24,27.7,1.5,1.1,2.2,1.7,8.2,6.9,7.4,26.1,0.7,0.2,2.1,0.8
Dante Cunningham,SAS,32,64,36,28,14.5,0.3,0.7,0.2,1.3,4.8,3.8,4.5,14.8,0.2,0.1,1.1,0.3
Dante Exum,UTA,23,42,21,21,15.8,1.3,0.5,0.7,3.9,6.1,3.3,3.5,15.4,0.1,0.5,1.6,1.8
Danuel House Jr.,HOU,26,39,27,12,25.1,1.6,1.4,1.6,2.2,8.1,7.8,7.5,27.3,0.3,0.2,2.1,1.1
Dario Saric,MIN,25,81,39,42,25.0,1.4,1.7,1.1,4.0,8.5,6.9,7.2,25.6,0.1,0.5,2.2,1.9
Darius Miller,NOP,29,69,31,38,25.5,1.1,0.5,0.9,0.7,9.1,7.4,7.6,26.8,0.3,0.2,2.4,0.9
Darren Collison,IND,31,76,45,31,28.2,2.4,1.0,2.0,3.2,9.2,8.4,8.4,26.4,0.1,0.4,1.8,2.1
Daryl Macon,DAL,23,8,4,4,11.2,0.3,0.0,0.3,0.8,2.4,1.9,4.0,9.8,0.0,0.5,1.0,0.5
David Nwaba,CLE,26,51,14,37,19.3,1.1,0.9,1.4,4.0,6.3,5.1,5.4,18.9,0.3,0.5,2.1,1.4
Davis Bertans,SAS,26,76,44,32,21.5,0.9,0.5,1.1,1.0,6.7,4.9,6.4,20.2,0.4,0.1,1.8,0.9
Davon Reed,IND,24,10,4,6,4.7,0.2,0.4,0.5,0.6,1.0,1.7,1.4,3.6,0.0,0.0,0.3,0.1
De'Aaron Fox,SAC,21,81,39,42,31.4,4.0,0.8,4.3,8.3,10.6,9.4,9.8,34.4,0.6,1.0,2.5,4.6
De'Anthony Melton,PHX,21,50,13,37,19.7,0.9,0.4,0.9,2.6,7.8,5.9,5.2,20.6,0.5,0.2,2.3,1.0
DeAndre Jordan,NYK,30,69,25,44,29.7,1.3,3.0,0.9,8.3,11.8,7.8,11.2,29.3,1.1,0.4,2.4,3.6
DeAndre' Bembry,ATL,24,82,29,53,23.6,1.6,1.0,1.6,5.4,10.6,7.2,7.4,23.3,0.5,0.5,2.3,1.6
DeMar DeRozan,SAS,29,77,44,33,34.9,2.5,1.4,1.4,10.4,10.2,9.2,10.1,33.5,0.5,1.3,2.3,4.9
DeMarcus Cousins,GSW,28,30,23,7,25.7,2.3,2.0,1.9,9.5,9.7,8.0,8.5,25.3,1.5,1.1,3.6,5.8
DeMarre Carroll,BKN,32,67,36,31,25.4,1.7,1.4,2.0,3.2,8.4,6.7,5.8,26.4,0.1,0.5,1.7,2.4
DeVaughn Akoon-Purcell,DEN,26,7,7,0,3.1,0.0,0.0,0.0,0.9,0.4,1.0,1.6,3.1,0.0,0.1,0.6,0.1
Deandre Ayton,PHX,20,71,17,54,30.7,2.3,3.3,0.9,11.8,12.6,8.8,10.8,35.0,0.9,0.6,2.9,2.8
Delon Wright,MEM,27,75,45,30,22.6,1.5,1.0,1.7,4.9,7.2,6.0,7.8,22.6,0.4,0.5,1.4,1.8
Demetrius Jackson,PHI,24,6,5,1,6.6,0.8,0.3,1.5,1.3,2.5,2.3,2.8,6.3,0.0,0.2,0.7,0.7
Deng Adel,CLE,22,19,4,15,10.2,0.3,0.1,0.0,0.3,3.1,1.9,2.7,10.5,0.2,0.1,0.7,0.4
Dennis Schroder,OKC,25,79,47,32,29.3,2.2,1.0,2.5,5.9,10.0,7.6,7.7,29.3,0.2,1.0,2.4,2.8
Dennis Smith Jr.,NYK,21,53,21,32,28.5,2.5,1.2,2.4,6.5,10.4,7.3,8.5,27.1,0.4,1.0,2.4,2.2
Deonte Burton,OKC,25,32,21,11,7.5,0.6,0.1,0.3,1.4,2.2,1.8,2.1,6.8,0.3,0.2,1.0,0.6
Derrick Favors,UTA,27,76,46,30,23.2,1.5,2.7,0.4,8.6,8.1,5.0,5.4,23.9,1.4,0.5,2.1,2.3
Derrick Jones Jr.,MIA,22,60,31,29,19.2,1.7,1.8,1.1,4.3,6.2,5.7,4.5,16.5,0.7,0.4,2.1,1.7
Derrick Rose,MIN,30,51,24,27,27.3,2.2,1.3,2.1,8.3,8.6,10.3,7.0,26.6,0.2,1.0,1.1,2.4
Derrick White,SAS,24,67,41,26,25.8,1.4,0.6,1.2,4.8,7.0,6.8,6.5,23.2,0.7,0.5,2.2,2.1
Devin Booker,PHX,22,64,15,49,35.0,3.7,1.6,4.3,10.0,14.4,11.4,11.3,39.7,0.2,1.2,3.1,6.1
Devin Harris,DAL,36,68,28,40,15.7,0.7,0.8,0.9,1.8,4.5,4.6,4.8,15.9,0.2,0.3,2.0,1.9
Devin Robinson,WAS,24,7,1,6,13.5,0.3,0.9,0.6,4.6,4.0,2.6,4.1,10.9,0.9,0.0,1.6,1.7
Devonte' Graham,CHA,24,46,18,28,14.7,0.3,0.5,0.8,1.3,4.0,4.0,4.1,15.3,0.0,0.3,1.0,1.1
Dewayne Dedmon,ATL,29,64,24,40,25.1,1.3,1.7,0.8,5.0,11.2,6.9,8.3,25.8,1.1,0.4,3.3,1.6
Deyonta Davis,ATL,22,9,3,6,13.2,0.7,1.2,0.4,3.1,3.2,5.1,2.9,12.2,0.6,0.0,1.3,0.7
Dillon Brooks,MEM,23,18,9,9,18.3,1.9,0.4,0.7,3.0,6.3,4.3,4.3,14.7,0.2,0.7,2.8,1.3
Dion Waiters,MIA,27,44,20,24,25.9,1.2,0.9,0.9,3.2,8.5,7.1,7.1,22.0,0.2,0.5,1.6,1.0
Dirk Nowitzki,DAL,41,51,17,34,15.6,0.6,1.0,0.3,0.6,4.4,4.4,5.0,15.1,0.4,0.0,1.5,0.8
Domantas Sabonis,IND,23,74,43,31,24.8,2.1,3.0,0.7,9.6,7.4,5.7,7.0,22.8,0.4,0.4,3.2,3.9
Donatas Motiejunas,SAS,28,3,3,0,4.3,0.0,0.0,0.0,2.0,3.0,2.7,0.0,3.3,0.3,0.3,2.0,0.3
Donovan Mitchell,UTA,22,77,49,28,33.7,3.3,1.6,2.3,10.1,11.8,7.4,8.1,32.7,0.4,1.2,2.7,3.8
Donte DiVincenzo,MIL,22,27,20,7,15.2,0.8,0.6,1.4,2.0,4.0,3.7,3.0,12.8,0.2,0.1,1.4,0.9
Donte Grantham,OKC,24,3,2,1,0.8,0.0,0.0,0.0,0.0,1.0,1.0,0.0,0.0,0.0,0.0,0.0,0.0
Dorian Finney-Smith,DAL,26,81,33,48,24.5,1.1,1.5,1.3,3.5,8.1,6.7,8.0,24.0,0.4,0.4,2.3,1.1
Doug McDermott,IND,27,77,43,34,17.4,0.8,0.7,0.9,2.5,5.8,4.2,5.3,16.6,0.1,0.3,1.4,0.7
Dragan Bender,PHX,21,46,9,37,18.0,0.9,1.1,0.6,2.9,7.1,6.2,5.5,19.9,0.5,0.1,2.0,1.2
Draymond Green,GSW,29,66,48,18,31.3,1.0,0.7,1.4,3.9,11.0,8.8,8.8,29.2,1.1,0.3,3.0,1.9
Drew Eubanks,SAS,22,23,13,10,4.9,0.1,0.1,0.0,1.2,2.7,1.5,2.3,4.4,0.2,0.0,0.5,0.4
Duncan Robinson,MIA,25,15,7,8,10.7,0.7,0.5,0.8,0.8,3.5,4.4,2.5,10.3,0.0,0.1,0.7,0.3
Dusty Hannahs,MEM,25,2,0,2,13.0,1.0,0.0,1.0,3.0,2.0,4.5,5.5,17.0,0.0,0.5,0.5,0.5
Dwayne Bacon,CHA,23,43,20,23,17.6,1.0,0.5,1.2,3.6,4.6,4.7,4.1,17.5,0.1,0.3,1.7,1.0
Dwight Howard,WAS,33,9,4,5,25.5,2.3,2.8,0.9,8.7,12.4,6.7,8.3,24.2,0.4,0.9,3.8,5.3
Dwight Powell,DAL,27,77,31,46,21.6,1.2,1.5,0.7,6.5,6.0,5.6,5.9,20.8,0.6,0.4,2.6,3.3
Dwyane Wade,MIA,37,72,35,37,26.2,2.1,1.4,1.4,7.1,9.5,7.9,7.1,23.5,0.5,0.5,1.6,2.2
Dzanan Musa,BKN,20,9,4,5,4.4,0.0,0.0,0.0,1.6,0.7,0.6,0.9,4.0,0.0,0.1,0.1,0.1
E'Twaun Moore,NOP,30,53,21,32,27.6,1.6,1.5,2.1,5.8,9.5,8.2,9.7,29.9,0.2,0.5,2.1,1.0
Ed Davis,BKN,30,81,42,39,17.9,0.7,2.4,0.1,4.6,5.8,4.3,4.3,16.9,0.4,0.3,2.8,1.8
Edmond Sumner,IND,23,23,14,9,9.1,0.6,0.4,0.4,1.1,3.7,3.4,2.7,8.7,0.2,0.2,1.1,0.8
Ekpe Udoh,UTA,32,51,35,16,6.3,0.3,0.6,0.1,2.0,2.2,1.7,1.6,7.3,0.6,0.1,0.7,0.5
Elfrid Payton,NOP,25,42,18,24,29.8,1.6,1.2,1.5,6.7,10.8,8.1,11.2,34.0,0.4,1.1,1.9,1.8
Elie Okobo,PHX,21,53,7,46,18.1,0.9,0.3,0.8,2.4,6.6,6.1,5.2,19.7,0.1,0.2,2.1,0.8
Emanuel Terry,MIA,22,3,0,3,7.6,1.7,1.0,0.3,2.7,6.0,2.3,2.0,8.7,0.0,0.3,1.3,1.0
Emmanuel Mudiay,NYK,23,59,13,46,27.2,2.1,1.3,2.0,6.6,10.0,8.0,7.7,29.6,0.3,0.9,1.7,2.4
Enes Kanter,POR,27,67,28,39,24.5,1.5,4.2,0.7,10.5,8.1,6.4,6.9,26.3,0.4,0.9,2.5,3.0
Eric Bledsoe,MIL,29,78,59,19,29.1,3.2,1.2,3.4,8.3,8.4,7.4,6.2,25.6,0.4,0.6,2.0,2.9
Eric Gordon,HOU,30,68,44,24,31.7,2.2,1.4,1.9,4.7,9.7,8.7,8.7,33.9,0.4,1.0,2.1,1.9
Eric Moreland,TOR,27,5,3,2,8.6,0.4,0.4,0.0,0.8,4.8,2.8,3.4,9.2,0.2,0.2,1.8,0.0
Ersan Ilyasova,MIL,32,67,49,18,18.4,0.9,1.4,0.9,2.8,5.6,4.3,4.2,15.9,0.3,0.3,2.6,1.7
Evan Fournier,ORL,26,81,42,39,31.5,2.1,1.1,1.7,5.9,9.7,7.0,9.2,32.5,0.1,0.6,2.8,2.1
Evan Turner,POR,30,73,47,26,22.0,0.6,0.8,0.4,3.7,6.6,6.3,6.4,20.7,0.2,0.4,1.5,1.5
Frank Jackson,NOP,21,61,22,39,19.2,1.2,0.5,1.8,4.1,7.5,5.4,6.5,21.3,0.0,0.4,1.5,1.1
Frank Kaminsky,CHA,26,47,22,25,16.1,1.2,0.9,0.5,3.6,4.1,3.9,3.9,15.8,0.3,0.3,1.4,1.7
Frank Mason,SAC,25,38,16,22,11.5,0.7,0.4,1.1,2.4,3.7,3.3,3.6,12.2,0.1,0.3,0.9,1.3
Frank Ntilikina,NYK,20,43,9,34,21.0,0.7,0.3,0.4,2.0,6.9,6.7,4.6,22.2,0.3,0.2,2.4,0.9
Fred VanVleet,TOR,25,64,46,18,27.5,1.5,1.0,2.1,3.1,9.0,6.9,7.0,26.7,0.3,0.6,1.7,1.8
Furkan Korkmaz,PHI,21,48,30,18,14.2,1.3,0.7,1.1,1.9,4.7,2.9,3.6,14.0,0.0,0.2,1.3,0.9
Garrett Temple,LAC,33,75,37,38,27.2,1.9,0.4,1.9,2.6,9.8,6.4,8.4,24.8,0.4,0.3,2.7,1.5
Gary Clark,HOU,24,51,33,18,12.6,0.4,0.5,0.2,0.4,4.7,4.4,3.2,14.3,0.5,0.1,0.9,0.4
Gary Harris,DEN,24,57,38,19,28.8,2.1,1.4,1.9,5.8,9.8,7.1,7.8,29.5,0.3,0.7,2.0,2.1
Gary Payton II,WAS,26,3,2,1,5.3,0.7,0.0,1.3,2.7,0.0,1.0,0.0,3.3,0.3,0.0,0.7,0.0
Gary Trent Jr.,POR,20,15,14,1,7.4,0.4,0.2,0.0,0.5,3.4,2.4,2.3,7.9,0.1,0.1,0.3,0.5
George Hill,MIL,33,60,39,21,21.7,1.5,1.0,1.1,3.2,6.9,5.6,5.5,19.3,0.1,0.3,1.7,1.5
George King,PHX,25,1,0,1,5.9,0.0,0.0,0.0,0.0,0.0,0.0,2.0,4.0,0.0,0.0,0.0,0.0
Georges Niang,UTA,26,59,41,18,8.8,0.3,0.4,0.5,1.4,3.1,2.6,1.9,9.4,0.1,0.2,1.0,0.3
Gerald Green,HOU,33,73,47,26,20.2,1.4,1.2,0.9,1.7,6.5,5.8,5.4,21.9,0.4,0.2,1.7,0.7
Giannis Antetokounmpo,MIL,24,72,56,16,32.8,3.9,2.9,4.7,17.5,9.5,7.8,6.3,28.0,1.5,1.4,3.2,7.7
Glenn Robinson III,DET,25,47,24,23,13.0,1.0,0.2,0.7,1.8,4.5,2.7,2.8,13.2,0.2,0.3,1.0,0.7
Goran Dragic,MIA,33,36,16,20,27.5,2.3,0.8,1.8,5.8,9.3,7.9,7.2,25.7,0.1,0.7,2.3,2.1
Gordon Hayward,BOS,29,72,44,28,25.9,2.1,1.0,2.0,4.4,8.2,7.1,6.6,25.8,0.3,0.4,1.4,2.5
Gorgui Dieng,MIN,29,76,33,43,13.6,0.8,1.0,0.3,2.5,4.1,3.7,3.7,13.1,0.5,0.3,1.8,1.4
Grayson Allen,UTA,23,38,22,16,11.0,0.9,0.4,0.7,1.4,3.5,3.0,2.4,13.1,0.2,0.2,1.2,1.2
Greg Monroe,PHI,29,43,28,15,11.2,0.7,1.7,0.3,4.0,4.4,2.8,3.7,12.5,0.2,0.4,1.5,1.2
Guerschon Yabusele,BOS,23,41,27,14,6.1,0.4,0.3,0.2,1.2,2.0,2.4,1.3,5.8,0.2,0.1,0.8,0.4
Hamidou Diallo,OKC,20,51,29,22,10.3,1.0,0.7,1.1,2.7,3.9,3.6,3.0,11.7,0.2,0.3,1.5,1.0
Harrison Barnes,SAC,27,77,34,43,32.9,1.9,1.3,1.5,5.5,11.0,9.0,11.5,34.5,0.2,0.6,1.6,2.6
Harry Giles III,SAC,21,58,26,32,14.1,1.0,1.3,0.6,5.3,5.3,4.4,4.1,15.2,0.4,0.2,2.6,1.7
Hassan Whiteside,MIA,30,72,33,39,23.3,1.7,4.0,0.5,10.2,8.4,6.8,6.9,20.7,1.9,0.7,2.7,3.1
Haywood Highsmith,PHI,22,5,2,3,8.0,0.0,0.4,0.0,1.2,3.8,3.4,2.8,12.4,0.0,0.2,0.2,0.2
Henry Ellenson,NYK,22,19,4,15,13.6,0.6,0.4,0.7,1.8,4.4,2.8,3.1,13.3,0.1,0.3,1.4,1.3
Ian Clark,NOP,28,60,24,36,16.2,0.5,0.7,1.1,2.1,5.9,4.7,5.3,17.1,0.1,0.4,1.6,0.7
Ian Mahinmi,WAS,32,34,12,22,14.6,0.6,1.1,0.2,2.6,4.3,4.1,4.3,12.4,0.5,0.3,2.5,1.7
Ike Anigbogu,IND,20,3,2,1,2.1,0.0,0.0,0.0,0.0,0.7,1.3,1.0,3.3,0.3,0.0,0.0,0.0
Iman Shumpert,HOU,29,62,39,23,23.9,1.6,0.7,1.5,1.2,8.3,7.2,7.1,26.5,0.4,0.2,2.0,1.3
Isaac Bonga,LAL,19,22,7,15,5.5,0.0,0.2,0.0,0.5,1.7,1.5,1.5,4.5,0.2,0.2,0.4,0.5
Isaac Humphries,ATL,21,5,1,4,11.3,0.0,0.8,0.0,1.2,5.0,2.2,5.0,11.6,0.0,0.8,1.4,0.6
Isaiah Briscoe,ORL,23,39,17,22,14.3,0.3,0.1,0.4,1.7,4.3,3.1,3.1,13.3,0.1,0.2,1.7,1.3
Isaiah Canaan,MIL,28,30,10,20,20.9,0.9,0.5,0.7,1.5,8.6,5.7,8.0,24.3,0.1,0.4,1.7,1.0
Isaiah Hartenstein,HOU,21,28,15,13,7.9,0.3,0.3,0.2,1.3,3.4,1.9,1.6,7.4,0.4,0.2,2.0,0.5
Isaiah Hicks,NYK,24,3,1,2,10.8,0.7,0.0,0.0,1.3,2.3,3.0,1.0,8.7,1.0,0.0,1.7,1.7
Isaiah Thomas,DEN,30,12,6,6,15.1,2.5,1.7,2.3,2.7,5.2,5.0,3.2,14.8,0.1,0.7,1.4,1.9
Ish Smith,DET,30,56,33,23,22.3,1.2,0.3,0.9,4.1,6.3,4.8,4.6,22.7,0.2,0.4,1.9,1.2
Ivan Rabb,MEM,22,49,20,29,14.7,0.8,1.4,0.4,4.1,6.0,3.4,5.8,13.8,0.3,0.1,1.8,1.7
Ivica Zubac,LAC,22,59,32,27,17.6,1.2,1.7,0.9,7.0,6.7,4.2,5.8,18.6,0.9,0.8,2.3,1.9
J.J. Barea,DAL,35,38,20,18,19.8,1.3,0.4,1.0,4.5,6.2,5.9,5.6,19.2,0.0,0.3,1.3,2.2
J.P. Macura,CHA,24,2,1,1,8.4,0.0,0.0,1.0,3.0,3.5,1.0,1.0,5.0,0.0,0.5,0.0,0.5
JJ Redick,PHI,35,76,49,27,31.3,2.1,1.4,2.0,2.1,11.8,8.2,10.0,32.7,0.2,0.3,1.7,2.5
JR Smith,CLE,33,11,1,10,20.2,1.0,0.5,0.5,1.3,8.2,6.4,5.6,20.2,0.3,0.0,1.7,0.9
JaKarr Sampson,CHI,26,4,1,3,31.8,3.0,3.0,2.5,10.0,7.0,12.5,7.0,29.0,0.8,1.3,2.0,2.8
JaMychal Green,LAC,29,65,31,34,21.1,1.5,2.0,0.9,4.1,8.0,5.5,6.4,18.9,0.5,0.6,3.0,1.4
JaVale McGee,LAL,31,75,35,40,22.3,1.2,2.3,1.3,10.3,9.1,7.0,8.3,24.0,2.0,0.3,2.8,2.1
Jabari Parker,WAS,24,64,18,46,26.9,1.7,1.5,2.0,7.8,10.4,7.9,7.0,28.3,0.5,0.8,2.3,2.4
Jacob Evans,GSW,22,30,21,9,6.8,0.3,0.3,0.2,0.5,2.7,2.2,2.5,6.5,0.1,0.1,0.9,0.2
Jae Crowder,UTA,28,80,48,32,27.1,1.8,1.0,1.7,3.0,9.7,6.6,6.3,26.3,0.4,0.3,2.1,2.1
Jahlil Okafor,NOP,23,59,23,36,15.8,0.9,1.7,0.5,6.9,6.2,4.7,5.8,16.9,0.7,0.5,1.6,1.6
Jake Layman,POR,25,71,46,25,18.7,1.1,1.0,0.9,4.0,6.8,5.3,4.9,19.5,0.4,0.2,1.6,1.2
Jakob Poeltl,SAS,23,77,43,34,16.5,0.7,1.5,0.2,4.6,5.1,4.0,4.6,16.1,0.9,0.2,1.6,1.2
Jalen Brunson,DAL,22,73,27,46,21.8,1.0,0.8,1.3,4.5,6.6,5.4,7.2,22.2,0.1,0.6,1.7,2.2
Jalen Jones,CLE,26,16,3,13,13.4,1.3,1.3,0.7,1.9,5.0,2.5,3.5,12.9,0.1,0.1,1.7,1.1
Jamal Crawford,PHX,39,64,13,51,18.9,1.0,0.4,0.9,1.4,8.4,7.0,7.1,21.4,0.2,0.1,1.2,1.4
Jamal Murray,DEN,22,75,49,26,32.6,2.2,1.5,2.1,6.6,10.9,7.6,8.5,33.5,0.4,0.7,2.0,2.7
James Ennis III,PHI,28,58,35,23,21.2,1.7,1.2,1.4,2.8,9.1,5.9,5.7,23.4,0.4,0.2,2.6,1.2
James Harden,HOU,29,78,51,27,36.8,5.4,2.8,3.1,11.1,12.8,10.4,11.2,39.2,0.7,1.4,3.1,7.2
James Johnson,MIA,32,55,27,28,21.2,1.0,0.5,0.4,3.9,7.2,5.8,5.9,18.9,0.5,0.3,2.1,1.1
James Nunnally,HOU,28,15,8,7,6.8,0.3,0.0,0.1,0.5,2.2,2.0,1.9,9.1,0.0,0.1,0.7,0.2
Jared Dudley,BKN,33,59,28,31,20.7,0.7,0.8,0.5,1.3,7.2,5.9,4.3,20.5,0.3,0.2,2.2,1.2
Jared Terrell,MIN,24,14,4,10,7.9,0.2,0.5,0.1,0.4,2.7,2.9,1.9,7.7,0.1,0.1,1.1,0.2
Jarell Martin,ORL,25,42,20,22,7.8,0.3,0.2,0.4,0.8,2.0,1.5,2.4,6.7,0.2,0.1,1.2,0.4
Jaren Jackson Jr.,MEM,19,58,23,35,26.1,2.0,1.6,1.3,8.2,8.4,6.5,8.7,22.8,1.4,0.7,3.8,3.5
Jaron Blossomgame,CLE,25,27,4,23,16.3,0.8,1.1,0.4,2.4,5.3,4.2,4.6,16.6,0.3,0.3,0.7,0.6
Jarred Vanderbilt,DEN,20,17,10,7,4.1,0.2,0.4,0.0,1.1,1.4,0.8,1.0,4.0,0.1,0.2,0.5,0.4
Jarrett Allen,BKN,21,80,42,38,26.2,1.1,2.0,0.7,8.2,10.1,8.9,6.7,29.6,1.5,0.6,2.3,3.4
Jason Smith,NOP,33,20,10,10,9.5,0.1,0.4,0.0,0.9,3.4,2.5,3.8,9.1,0.4,0.1,1.5,0.7
Jawun Evans,OKC,22,8,4,4,8.0,0.0,0.0,0.3,0.5,2.0,2.1,2.0,8.5,0.0,0.1,1.0,0.4
Jaylen Adams,ATL,23,34,13,21,12.6,0.6,0.2,0.3,0.5,4.7,4.0,3.2,11.8,0.1,0.2,1.3,0.4
Jaylen Brown,BOS,22,74,41,33,25.9,2.6,1.4,3.0,6.3,8.2,7.3,7.0,24.6,0.4,0.6,2.5,2.3
Jaylen Morris,MIL,23,4,4,0,7.1,1.3,0.5,0.8,1.5,1.3,1.0,0.3,5.0,0.0,0.3,0.3,0.3
Jayson Tatum,BOS,21,79,48,31,31.1,3.0,1.7,2.6,6.3,8.8,8.5,8.4,28.9,0.7,0.6,2.1,2.6
Jeff Green,WAS,32,77,29,48,27.2,1.8,1.2,1.3,4.4,9.7,7.9,7.4,29.6,0.5,0.3,2.1,2.2
Jeff Teague,MIN,31,42,23,19,30.1,2.0,0.6,1.9,5.7,11.4,9.8,9.1,29.7,0.4,0.7,2.1,2.9
Jemerrio Jones,LAL,24,6,3,3,23.9,1.3,1.7,1.8,3.3,10.2,7.0,9.0,21.0,0.8,0.7,1.7,0.5
Jerami Grant,OKC,25,80,48,32,32.7,2.4,1.8,1.7,6.9,10.7,8.0,8.3,32.5,1.3,0.8,2.7,2.7
Jeremy Lamb,CHA,27,79,38,41,28.5,2.8,1.8,1.9,6.2,7.9,8.0,7.6,28.0,0.4,0.6,1.8,2.7
Jeremy Lin,TOR,30,74,31,43,19.4,1.7,0.5,1.6,4.0,8.6,5.6,6.5,18.7,0.2,0.5,1.9,3.1
Jerian Grant,ORL,26,60,28,32,15.6,0.8,0.3,0.6,0.8,5.0,3.8,3.8,14.8,0.1,0.1,1.3,1.0
Jerome Robinson,LAC,22,33,18,15,9.7,0.4,0.4,0.4,1.1,4.0,2.9,3.5,10.0,0.1,0.3,1.4,0.4
Jerryd Bayless,MIN,30,34,15,19,19.3,0.9,0.3,0.6,1.6,5.9,5.9,4.7,19.2,0.1,0.2,1.6,0.8
Jevon Carter,MEM,23,39,9,30,14.8,0.8,0.7,1.0,0.7,5.3,3.0,3.7,11.8,0.3,0.2,1.4,0.7
Jimmer Fredette,PHX,30,6,1,5,10.8,0.7,0.0,0.3,2.0,5.2,3.0,3.5,10.0,0.0,0.2,0.8,0.5
Jimmy Butler,PHI,29,65,38,27,33.6,2.6,2.0,2.6,8.2,11.5,9.0,10.8,35.8,0.6,0.7,1.7,4.2
Joakim Noah,MEM,34,42,14,28,16.5,1.4,1.2,0.5,5.0,5.2,4.1,5.7,13.3,0.7,0.6,2.3,2.0
Jodie Meeks,TOR,31,8,7,1,13.0,1.1,0.6,1.0,2.8,5.0,3.3,4.3,14.5,0.1,0.3,0.6,0.3
Joe Chealey,CHA,23,1,0,1,7.8,2.0,0.0,0.0,2.0,0.0,5.0,2.0,8.0,0.0,1.0,1.0,0.0
Joe Harris,BKN,27,76,41,35,30.2,2.0,1.4,1.3,4.7,11.8,9.6,6.9,32.8,0.2,0.9,2.4,1.6
Joe Ingles,UTA,31,82,50,32,31.3,1.8,1.2,1.0,3.8,10.2,7.4,7.4,30.6,0.2,0.4,2.2,2.1
Joel Embiid,PHI,25,64,43,21,33.7,3.3,4.1,1.5,13.1,11.8,8.7,10.1,32.9,1.9,1.2,3.3,7.7
John Collins,ATL,21,61,24,37,30.0,2.7,4.2,1.9,13.0,13.5,8.9,11.1,32.3,0.6,1.1,3.3,3.8
John Henson,CLE,28,14,10,4,13.5,0.6,1.1,0.1,2.9,3.6,3.3,2.9,9.7,0.8,0.1,1.1,0.6
John Holland,CLE,30,1,0,1,0.7,0.0,0.0,0.0,0.0,0.0,0.0,0.0,0.0,0.0,0.0,0.0,0.0
John Jenkins,NYK,28,26,8,18,12.8,0.4,0.0,0.3,0.5,4.0,3.5,2.8,13.5,0.1,0.2,0.4,0.6
John Wall,WAS,28,32,11,21,34.5,3.6,0.9,3.1,9.4,13.0,11.3,10.9,34.6,0.9,1.1,2.2,4.1
Johnathan Motley,LAC,24,22,12,10,7.1,0.8,0.9,0.5,3.5,3.5,1.6,2.5,7.6,0.1,0.2,1.2,1.1
Johnathan Williams,LAL,24,24,10,14,15.5,0.8,2.0,1.0,5.3,4.2,4.3,4.5,15.2,0.3,0.5,2.6,1.9
Jon Leuer,DET,30,41,16,25,9.8,0.6,0.6,0.2,2.6,4.1,2.0,1.9,10.9,0.1,0.2,1.5,0.8
Jonah Bolden,PHI,23,44,24,20,14.5,0.4,1.1,0.7,2.0,6.1,3.6,4.7,16.2,0.9,0.1,2.3,0.5
Jonas Jerebko,GSW,32,73,52,21,16.7,1.1,1.2,1.1,2.0,6.0,4.5,5.2,16.4,0.2,0.2,1.9,1.0
Jonas Valanciunas,MEM,27,49,31,18,22.3,1.8,3.3,0.4,10.8,8.2,5.7,8.5,20.7,1.1,0.8,3.0,3.0
Jonathan Isaac,ORL,21,75,37,38,26.6,1.7,1.4,1.2,3.7,8.6,5.9,8.2,26.4,1.3,0.4,1.9,1.8
Jonathon Simmons,PHI,29,56,25,31,19.0,1.2,0.6,0.8,3.0,6.8,4.8,5.7,18.7,0.3,0.7,1.6,1.9
Jordan Bell,GSW,24,68,46,22,11.6,0.3,0.5,0.5,2.3,4.8,3.5,4.2,11.6,0.8,0.2,1.2,0.8
Jordan Clarkson,CLE,27,81,18,63,27.3,2.6,1.4,1.6,6.7,9.7,7.0,7.2,28.6,0.2,0.7,1.4,2.1
Jordan Loyd,TOR,25,12,11,1,4.6,0.2,0.2,0.2,0.5,3.3,1.3,2.0,5.0,0.0,0.1,0.4,0.7
Jordan McRae,WAS,28,27,9,18,12.3,1.0,0.5,0.9,2.1,3.9,3.6,3.9,14.4,0.3,0.3,1.0,1.2
Jordan Sibert,ATL,26,1,1,0,4.2,0.0,3.0,0.0,0.0,2.0,0.0,0.0,2.0,0.0,0.0,0.0,0.0
Jose Calderon,DET,37,49,22,27,12.9,0.2,0.2,0.0,0.4,4.7,3.0,3.2,13.1,0.1,0.2,1.3,0.4
Josh Hart,LAL,24,67,31,36,25.6,1.8,0.7,2.3,2.7,9.1,7.0,7.5,26.2,0.6,0.5,2.2,1.3
Josh Jackson,PHX,22,79,19,60,25.2,1.8,0.9,1.8,5.7,9.8,8.4,8.4,26.5,0.7,0.9,2.6,2.3
Josh Okogie,MIN,20,74,32,42,23.7,1.6,0.8,1.6,3.0,7.4,6.8,7.1,25.1,0.4,0.4,2.2,2.2
Josh Richardson,MIA,25,73,35,38,34.8,2.5,1.3,1.6,4.9,12.5,9.9,9.2,29.9,0.5,0.9,2.7,3.5
Jrue Holiday,NOP,29,67,30,37,35.8,2.9,1.5,2.6,11.2,13.5,10.1,10.5,36.8,0.8,1.0,2.2,3.6
Juancho Hernangomez,DEN,23,70,44,26,19.4,0.7,1.2,0.7,1.9,5.6,5.2,4.8,18.9,0.3,0.2,1.3,1.1
Julian Washburn,MEM,27,18,7,11,14.1,0.4,0.3,0.6,0.8,4.1,4.1,3.6,12.2,0.1,0.1,0.9,0.3
Julius Randle,NOP,24,73,31,42,30.6,3.1,3.2,2.3,13.2,11.7,8.6,9.7,32.3,0.6,1.2,3.4,5.0
Justin Anderson,ATL,25,48,17,31,9.7,0.7,0.6,0.8,1.6,3.7,3.2,2.7,9.8,0.3,0.2,1.0,0.6
Justin Holiday,MEM,30,82,25,57,31.8,1.9,0.8,1.8,2.3,11.3,8.6,10.0,30.5,0.4,0.4,2.0,1.4
Justin Jackson,DAL,24,81,36,45,19.9,1.1,1.0,1.4,2.6,6.0,5.7,6.0,20.6,0.2,0.1,1.2,0.9
Justin Patton,PHI,22,3,2,1,6.9,0.0,0.0,0.0,1.3,1.3,2.0,3.0,6.7,0.0,0.0,1.7,0.3
Justise Winslow,MIA,23,66,30,36,29.7,1.5,1.1,1.5,5.7,10.6,7.9,7.9,25.6,0.3,0.7,2.7,1.9
Jusuf Nurkic,POR,24,72,45,27,27.4,1.9,3.6,0.6,10.3,7.4,7.3,7.4,27.0,1.4,0.9,3.5,4.3
Kadeem Allen,NYK,26,19,3,16,21.9,1.4,1.2,0.4,4.1,6.9,6.2,5.1,20.7,0.2,0.3,2.4,2.4
Kalin Lucas,DET,30,1,0,1,5.6,0.0,0.0,0.0,0.0,2.0,0.0,2.0,2.0,0.0,0.0,1.0,1.0
Karl-Anthony Towns,MIN,23,77,34,43,33.0,3.7,4.5,0.7,12.1,10.8,10.4,9.2,33.7,1.6,1.0,3.8,5.8
Kawhi Leonard,TOR,28,60,41,19,34.0,4.2,2.3,3.9,9.9,9.7,9.3,8.2,33.2,0.4,0.8,1.5,6.0
Keita Bates-Diop,MIN,23,30,10,20,16.8,1.2,0.6,1.0,2.9,4.5,5.2,4.2,18.3,0.5,0.2,1.0,0.6
Kelly Olynyk,MIA,28,79,39,40,22.9,1.4,1.1,0.7,3.4,8.2,6.6,5.9,19.5,0.5,0.3,2.3,2.5
Kelly Oubre Jr.,PHX,23,69,21,48,28.0,2.9,1.9,2.8,7.0,10.8,9.3,9.2,29.7,0.9,1.0,2.6,3.2
Kemba Walker,CHA,29,82,39,43,34.9,3.3,1.7,2.9,8.4,10.0,9.4,9.8,34.9,0.4,1.5,1.6,5.1
Kenneth Faried,HOU,29,37,21,16,19.7,2.0,2.5,0.7,7.7,6.5,5.6,5.3,21.7,0.6,0.5,2.2,2.1
Kenrich Williams,NOP,24,46,17,29,23.5,0.9,0.5,1.4,2.3,9.2,7.0,8.7,27.2,0.4,0.4,2.1,1.0
Kent Bazemore,ATL,29,67,24,43,24.5,2.6,1.2,2.3,4.2,10.3,7.9,7.2,23.9,0.6,0.5,2.5,2.2
Kentavious Caldwell-Pope,LAL,26,82,37,45,24.8,2.1,0.9,2.7,2.8,10.0,7.8,7.4,26.4,0.2,0.2,1.7,1.8
Kevin Durant,GSW,30,78,54,24,34.6,3.6,1.9,4.6,8.5,12.2,10.1,10.8,33.2,1.1,0.5,2.0,4.9
Kevin Huerter,ATL,20,75,27,48,27.3,1.8,0.9,1.5,3.4,11.6,7.7,9.9,29.1,0.3,0.4,2.1,0.8
Kevin Knox,NYK,19,75,15,60,28.8,1.9,1.1,1.9,4.6,9.9,8.8,7.3,30.6,0.3,0.8,2.3,2.3
Kevin Love,CLE,30,22,7,15,27.2,2.2,2.2,0.9,4.1,8.8,7.3,8.1,29.2,0.2,0.8,2.5,3.5
Kevon Looney,GSW,23,80,56,24,18.5,0.7,1.8,0.4,4.8,6.2,5.1,5.4,17.8,0.7,0.4,2.6,1.2
Khem Birch,ORL,26,50,26,24,12.9,0.7,1.0,0.5,3.6,3.7,2.5,2.7,13.0,0.6,0.2,1.4,1.3
Khris Middleton,MIL,27,77,56,21,31.1,2.2,1.0,2.2,5.7,9.6,7.9,6.8,27.6,0.1,0.8,2.2,2.4
Khyri Thomas,DET,23,26,13,13,7.5,0.1,0.2,0.2,0.7,2.8,1.4,1.8,6.2,0.2,0.2,0.8,0.2
Klay Thompson,GSW,29,78,55,23,34.0,2.8,1.4,3.5,5.4,12.5,9.8,10.7,33.7,0.6,0.5,2.0,2.2
Kobi Simmons,CLE,21,1,0,1,1.8,0.0,0.0,0.0,0.0,0.0,0.0,0.0,0.0,0.0,0.0,0.0,0.0
Kosta Koufos,SAC,30,42,21,21,11.9,0.4,1.0,0.3,3.2,3.9,3.9,3.5,11.5,0.4,0.2,1.6,0.6
Kostas Antetokounmpo,DAL,21,2,1,1,5.3,0.0,0.0,0.0,0.0,1.0,0.0,2.0,3.0,0.0,0.5,0.0,1.0
Kris Dunn,CHI,25,46,14,32,30.2,1.5,0.4,1.5,5.9,10.8,8.4,7.9,31.1,0.5,0.6,3.6,1.8
Kyle Anderson,MEM,25,43,19,24,29.8,1.6,1.0,1.6,5.8,10.7,6.9,9.6,26.4,0.9,0.3,2.6,1.4
Kyle Korver,UTA,38,70,39,31,19.1,1.0,1.0,0.7,0.6,7.4,4.6,4.6,19.0,0.2,0.3,1.5,0.9
Kyle Kuzma,LAL,23,70,33,37,33.1,2.6,1.6,3.4,9.4,12.4,9.2,10.3,35.0,0.4,1.0,2.4,2.8
Kyle Lowry,TOR,33,65,47,18,34.1,2.0,1.2,2.5,3.5,10.8,9.0,9.1,32.2,0.5,0.5,2.6,3.8
Kyle O'Quinn,IND,29,45,27,18,8.2,0.4,0.8,0.2,1.6,2.6,2.7,3.5,7.9,0.6,0.1,1.5,0.5
Kyrie Irving,BOS,27,67,37,30,33.0,3.4,1.8,3.6,8.7,9.9,9.2,9.5,31.7,0.5,0.7,2.5,3.6
LaMarcus Aldridge,SAS,33,81,48,33,33.2,2.2,3.5,0.8,10.3,9.6,8.7,9.3,31.5,1.3,0.6,2.2,4.7
Lance Stephenson,LAL,28,68,33,35,16.5,0.9,0.9,0.9,2.2,6.3,4.7,5.8,17.4,0.1,0.3,1.6,1.0
Lance Thomas,NYK,31,46,7,39,17.0,0.7,0.4,0.5,1.7,4.5,4.1,3.7,18.0,0.2,0.2,1.8,0.9
Landry Shamet,LAC,22,79,51,28,22.8,1.4,0.8,1.3,1.4,8.5,5.6,6.5,25.2,0.1,0.2,2.0,1.1
Langston Galloway,DET,27,80,41,39,21.8,1.2,0.9,0.9,1.5,6.7,5.5,4.7,23.2,0.1,0.3,1.7,1.0
Larry Nance Jr.,CLE,26,67,16,51,26.8,1.5,1.9,0.8,5.9,9.7,6.6,8.0,26.4,0.6,0.4,2.9,2.4
Lauri Markkanen,CHI,22,52,16,36,32.3,2.3,2.3,1.7,7.2,11.4,8.9,8.7,33.4,0.6,0.7,2.3,3.2
LeBron James,LAL,34,55,28,27,35.2,4.2,2.7,5.3,13.5,13.0,9.3,11.2,37.2,0.6,0.9,1.7,5.8
Lonnie Walker IV,SAS,20,17,12,5,6.9,0.4,0.1,0.5,0.9,3.2,2.5,3.2,7.8,0.2,0.2,0.4,0.5
Lonzo Ball,LAL,21,47,25,22,30.3,1.9,1.2,2.2,4.2,11.0,8.6,9.6,31.6,0.4,0.5,2.4,1.3
Lorenzo Brown,TOR,28,26,20,6,8.2,0.4,0.0,0.3,1.1,3.0,1.9,2.7,8.0,0.2,0.3,0.8,0.2
Lou Williams,LAC,32,75,47,28,26.6,2.1,1.0,2.5,7.1,9.5,8.7,8.0,28.0,0.1,1.0,1.1,4.7
Luc Mbah a Moute,LAC,32,4,2,2,15.3,1.3,0.8,0.5,2.5,6.0,6.3,5.3,18.0,0.3,0.5,2.0,0.8
Luka Doncic,DAL,20,72,28,44,32.2,3.0,2.0,2.9,8.0,11.5,8.5,12.3,32.0,0.3,0.7,1.9,5.6
Luke Kennard,DET,23,63,30,33,22.8,1.6,0.6,1.9,2.2,6.7,5.4,5.4,23.6,0.2,0.3,1.5,1.0
Luke Kornet,NYK,23,46,9,37,17.0,0.7,0.8,0.3,1.3,5.5,5.0,3.6,17.1,0.9,0.1,0.9,1.1
Luol Deng,MIN,34,22,11,11,17.8,1.4,1.0,1.2,3.5,4.9,4.9,4.4,16.2,0.4,0.3,1.1,1.1
Malachi Richardson,TOR,23,22,16,6,4.7,0.3,0.1,0.4,0.1,2.3,1.3,1.6,5.3,0.0,0.1,0.6,0.2
Malcolm Brogdon,MIL,26,64,49,15,28.6,1.8,1.3,2.4,8.1,8.7,6.5,5.8,24.5,0.2,0.9,1.6,1.8
Malcolm Miller,TOR,26,10,9,1,6.7,0.3,0.4,0.5,0.0,3.7,2.2,2.4,6.8,0.1,0.1,0.5,0.2
Malik Beasley,DEN,22,81,53,28,23.2,2.1,1.0,2.3,3.7,7.2,6.1,5.6,24.0,0.1,0.4,1.4,0.8
Malik Monk,CHA,21,73,34,39,17.2,1.4,0.6,1.5,2.5,5.1,4.8,4.8,18.0,0.3,0.4,1.5,1.2
MarShon Brooks,MEM,30,29,15,14,13.3,0.9,0.8,0.9,3.4,4.0,3.4,3.6,11.1,0.1,0.3,1.1,1.0
Marc Gasol,TOR,34,79,39,40,30.8,1.9,1.2,0.7,5.0,9.9,7.0,8.6,27.2,1.1,0.5,2.7,3.6
Marcin Gortat,LAC,35,47,25,22,16.0,0.6,0.9,0.4,4.0,5.8,4.3,5.6,19.0,0.5,0.3,2.0,1.4
Marco Belinelli,SAS,33,79,46,33,23.0,1.1,0.7,1.5,1.9,7.6,6.3,7.0,23.1,0.1,0.2,1.5,1.4
Marcus Derrickson,GSW,23,11,9,2,6.1,0.7,1.2,0.0,0.4,1.7,2.6,1.9,5.5,0.1,0.1,0.8,0.3
Marcus Morris,BOS,29,75,44,31,27.9,2.2,1.5,1.3,4.1,9.1,7.0,8.4,26.8,0.3,0.5,2.4,2.2
Marcus Smart,BOS,25,80,48,32,27.5,1.4,0.8,1.0,2.5,8.5,7.8,8.0,26.0,0.4,0.2,2.5,1.9
Mario Hezonja,NYK,24,58,12,46,20.8,1.6,0.7,1.3,4.1,6.9,6.3,5.0,22.1,0.1,0.5,1.9,1.8
Markelle Fultz,ORL,21,19,12,7,22.5,0.9,1.1,1.4,5.4,8.2,6.1,5.3,21.2,0.3,0.9,2.7,1.5
Markieff Morris,OKC,29,58,24,34,21.9,1.2,1.6,0.4,3.6,7.8,6.7,6.6,20.8,0.4,0.4,3.0,1.7
Marquese Chriss,CLE,21,43,17,26,11.6,0.9,0.8,0.4,2.3,4.5,3.8,3.4,12.0,0.3,0.5,1.9,1.0
Marvin Bagley III,SAC,20,62,30,32,25.3,2.4,3.5,1.8,9.1,8.5,7.9,7.9,27.2,1.0,0.7,1.9,3.6
Marvin Williams,CHA,33,75,35,40,28.4,1.6,1.2,1.0,3.2,7.6,7.5,8.4,28.8,0.8,0.3,2.1,1.2
Mason Plumlee,DEN,29,82,54,28,21.1,0.8,1.4,0.5,6.2,5.6,6.3,4.8,20.5,0.9,0.4,3.1,2.5
Matthew Dellavedova,CLE,28,48,20,28,16.9,0.7,0.5,0.5,1.9,5.6,4.2,3.8,16.2,0.0,0.1,1.6,1.2
Maurice Harkless,POR,26,60,37,23,23.6,1.7,1.4,0.8,5.1,6.7,7.0,7.3,23.0,0.9,0.4,2.7,1.0
Maxi Kleber,DAL,27,71,30,41,21.2,1.2,1.1,0.7,2.4,6.8,5.6,7.2,20.8,1.1,0.3,2.0,1.0
Melvin Frazier Jr.,ORL,22,10,8,2,4.4,0.6,0.2,0.6,1.2,0.8,0.9,1.6,4.4,0.0,0.0,0.6,0.4
Meyers Leonard,POR,27,61,35,26,14.4,0.4,0.7,0.4,2.5,5.5,3.9,4.4,13.7,0.1,0.1,1.7,0.9
Michael Beasley,LAL,30,26,11,15,10.7,1.1,0.7,0.4,5.1,3.8,3.6,3.4,10.8,0.4,0.3,1.6,1.1
Michael Carter-Williams,ORL,27,28,17,11,13.3,0.5,0.5,0.5,2.6,3.8,3.4,3.0,14.9,0.5,0.3,1.7,2.0
Michael Kidd-Gilchrist,CHA,25,64,29,35,18.4,1.3,1.3,0.8,3.7,5.4,5.5,4.6,17.0,0.6,0.6,2.4,1.7
Mikal Bridges,PHX,22,82,19,63,29.5,2.4,0.8,1.8,3.1,11.6,9.7,8.8,31.8,0.5,0.4,2.5,1.3
Mike Conley,MEM,31,70,30,40,33.5,3.4,1.4,1.9,7.1,11.4,8.1,10.9,29.0,0.3,0.6,1.8,5.3
Mike Muscala,LAL,27,64,35,29,20.4,1.1,0.9,1.0,1.3,7.2,5.5,6.6,21.6,0.6,0.2,2.0,1.1
Mike Scott,PHI,30,79,44,35,17.7,0.6,0.5,0.9,1.2,5.9,5.0,5.4,18.5,0.2,0.3,2.0,0.4
Miles Bridges,CHA,21,80,38,42,21.2,1.2,1.2,0.8,4.1,6.3,5.9,5.9,22.8,0.6,0.4,1.4,0.8
Miles Plumlee,ATL,30,18,1,17,9.6,0.4,0.7,0.1,3.6,4.2,3.1,3.3,9.4,0.2,0.2,0.8,1.3
Milos Teodosic,LAC,32,15,8,7,10.0,0.0,0.2,0.0,0.5,3.6,2.3,3.5,10.5,0.1,0.1,1.8,0.7
Mitchell Creek,MIN,27,5,1,4,9.4,1.2,0.4,1.2,3.2,2.0,5.0,1.2,11.2,0.0,0.4,0.6,0.6
Mitchell Robinson,NYK,21,66,16,50,20.6,1.2,2.8,0.4,6.1,7.2,6.6,4.8,21.1,2.4,0.3,3.3,1.7
Mo Bamba,ORL,21,47,19,28,16.3,1.1,1.3,0.1,3.3,5.1,4.4,4.3,15.3,1.4,0.3,2.2,1.3
Monte Morris,DEN,24,82,54,28,24.0,1.6,0.9,1.4,4.7,6.6,6.5,5.7,24.6,0.0,0.5,1.2,1.2
Montrezl Harrell,LAC,25,82,48,34,26.3,2.0,3.5,2.0,12.9,9.9,8.1,7.7,26.9,1.3,0.9,3.1,4.4
Moritz Wagner,LAL,22,43,15,28,10.4,0.5,0.4,0.6,2.2,4.9,2.7,3.8,10.1,0.3,0.4,1.3,0.9
Myles Turner,IND,23,74,43,31,28.6,2.2,1.5,0.8,5.5,9.2,8.5,7.7,26.2,2.7,0.4,2.6,2.8
Naz Mitrou-Long,UTA,25,14,9,5,6.0,0.0,0.0,0.0,0.6,2.9,2.1,1.5,7.9,0.1,0.1,0.7,0.3
Nemanja Bjelica,SAC,31,77,38,39,23.2,1.1,2.1,1.4,4.5,8.3,6.5,6.9,25.2,0.7,0.5,2.6,1.4
Nene,HOU,36,42,29,13,13.0,0.6,0.5,0.2,2.2,3.9,3.8,3.3,12.7,0.4,0.2,2.1,1.2
Nerlens Noel,OKC,25,77,48,29,13.7,0.8,1.4,0.3,3.8,4.5,4.0,3.8,13.8,1.2,0.1,2.2,1.3
Nick Young,DEN,34,4,3,1,9.3,0.8,0.8,0.0,0.0,1.0,4.0,2.3,14.0,0.3,0.0,1.0,0.0
Nicolas Batum,CHA,30,75,35,40,31.4,1.4,1.2,0.7,2.8,9.3,8.9,8.8,31.9,0.6,0.3,1.9,1.2
Nik Stauskas,CLE,25,68,33,35,14.9,0.6,0.5,0.6,1.4,5.0,4.4,4.9,15.0,0.1,0.3,0.7,0.7
Nikola Jokic,DEN,24,80,53,27,31.3,2.0,3.8,0.6,11.8,10.4,7.1,8.4,31.5,0.7,0.8,2.9,5.2
Nikola Mirotic,MIL,28,46,24,22,27.1,2.1,1.9,2.0,4.2,9.0,7.8,8.4,30.4,0.7,0.3,2.3,2.3
Nikola Vucevic,ORL,28,80,41,39,31.4,2.5,3.3,0.6,12.3,9.8,6.9,8.6,30.8,1.1,0.8,2.0,2.7
Noah Vonleh,NYK,23,68,13,55,25.3,1.2,1.4,0.4,4.4,8.8,7.1,6.2,26.6,0.8,0.5,2.6,2.3
Norman Powell,TOR,26,60,45,15,18.8,1.4,0.6,1.4,3.9,6.7,5.3,5.9,19.0,0.2,0.4,1.6,1.2
OG Anunoby,TOR,21,67,46,21,20.2,1.2,0.9,1.1,3.3,7.3,5.5,6.3,20.5,0.3,0.5,2.1,0.9
Okaro White,WAS,26,3,2,1,2.1,0.0,0.0,0.0,0.0,1.0,0.0,0.0,2.0,0.0,0.0,0.0,0.0
Omari Spellman,ATL,21,46,15,31,17.5,0.8,1.1,0.5,2.2,8.1,5.8,6.1,18.0,0.5,0.3,1.5,0.8
Omri Casspi,MEM,31,36,14,22,14.5,1.7,0.9,1.6,3.9,5.8,3.6,4.6,12.8,0.3,0.3,1.0,1.3
Otto Porter Jr.,CHI,26,56,25,31,30.1,1.8,1.3,1.9,4.3,10.3,8.4,9.1,30.7,0.6,0.2,1.9,2.0
PJ Dozier,BOS,22,6,5,1,8.5,0.3,1.5,0.5,2.0,1.3,3.0,1.2,7.3,0.0,0.0,0.3,0.5
PJ Tucker,HOU,34,82,53,29,34.2,1.4,0.8,1.0,1.4,11.4,9.1,10.5,36.2,0.5,0.2,3.1,1.4
Pascal Siakam,TOR,25,80,57,23,31.8,3.1,1.5,3.8,10.5,9.6,8.1,8.6,30.3,0.7,0.5,3.0,3.0
Pat Connaughton,MIL,26,61,43,18,20.7,0.7,1.0,0.9,3.0,6.5,6.0,4.9,17.9,0.4,0.3,1.3,0.6
Patrick Beverley,LAC,30,78,48,30,27.4,1.1,0.6,1.1,2.0,9.4,8.0,7.9,28.0,0.6,0.3,3.4,2.0
Patrick McCaw,TOR,23,29,17,12,13.7,0.2,0.1,0.7,1.1,5.7,3.9,4.3,14.3,0.1,0.1,1.3,0.5
Patrick Patterson,OKC,30,63,40,23,13.7,0.7,0.4,0.5,1.0,5.0,4.4,3.8,15.1,0.2,0.1,0.7,0.5
Patty Mills,SAS,30,82,48,34,23.3,1.6,0.7,1.4,1.9,7.3,6.5,6.7,23.6,0.1,0.1,1.6,1.5
Pau Gasol,MIL,38,30,17,13,12.0,0.4,0.6,0.2,1.9,4.0,2.8,4.6,11.7,0.5,0.2,1.0,1.1
Paul George,OKC,29,77,46,31,36.9,4.9,2.9,4.5,7.4,11.7,8.9,8.6,35.9,0.4,1.0,2.8,5.5
Paul Millsap,DEN,34,70,49,21,27.1,1.8,2.5,1.0,6.6,9.5,5.7,7.1,27.5,0.8,0.7,2.6,3.2
Quincy Acy,PHX,28,10,2,8,12.3,0.0,0.6,0.0,0.4,3.8,5.1,1.9,9.6,0.4,0.0,2.4,1.4
Quincy Pondexter,SAS,31,53,29,24,5.5,0.3,0.1,0.3,0.8,2.4,1.2,1.8,5.7,0.0,0.1,0.5,0.5
Quinn Cook,GSW,26,74,49,25,14.3,0.9,0.5,1.3,1.8,5.3,4.3,5.0,14.8,0.0,0.3,1.2,0.4
RJ Hunter,BOS,25,1,1,0,25.7,5.0,0.0,2.0,2.0,0.0,9.0,0.0,14.0,0.0,1.0,3.0,1.0
Rajon Rondo,LAL,33,46,19,27,29.8,1.7,0.8,1.0,4.7,12.7,9.1,11.5,32.8,0.2,0.7,2.2,1.2
Raul Neto,UTA,27,37,26,11,12.8,1.1,0.1,0.6,2.7,4.1,3.1,2.6,13.8,0.1,0.2,1.3,1.1
Rawle Alkins,CHI,21,10,3,7,12.0,0.7,0.9,0.9,2.0,3.3,2.5,2.0,11.2,0.0,0.4,0.7,0.7
Ray Spalding,PHX,22,14,3,11,10.5,0.7,1.1,0.9,3.4,3.9,3.0,1.8,9.3,0.6,0.2,1.6,0.6
Raymond Felton,OKC,35,33,19,14,11.5,0.8,0.5,0.7,1.3,3.2,3.5,2.9,11.8,0.2,0.1,0.9,0.4
Reggie Bullock,LAL,28,63,27,36,29.8,1.4,0.9,1.0,1.8,10.7,7.3,9.2,32.3,0.2,0.4,1.7,1.1
Reggie Jackson,DET,29,82,41,41,27.9,2.1,0.9,1.4,4.7,9.4,6.9,7.3,28.7,0.1,0.5,2.5,2.3
Richaun Holmes,PHX,25,70,16,54,16.9,1.4,1.7,0.6,6.3,6.4,5.8,4.9,16.9,1.1,0.4,2.8,2.2
Ricky Rubio,UTA,28,68,40,28,27.9,1.9,0.7,1.3,4.3,9.6,6.4,6.9,26.3,0.1,0.4,2.6,2.8
Robert Covington,MIN,28,35,20,15,34.4,2.8,1.9,3.0,3.3,10.8,9.1,9.1,32.0,1.3,0.3,3.6,2.3
Robert Williams III,BOS,21,32,18,14,8.8,0.7,0.4,0.3,2.2,3.0,2.8,2.4,8.4,1.3,0.1,1.1,0.4
Robin Lopez,CHI,31,74,20,54,21.7,0.7,1.7,0.1,7.6,7.4,6.0,5.7,22.0,1.1,0.3,1.7,2.0
Rodions Kurucs,BKN,21,63,36,27,20.5,1.3,0.9,1.0,4.4,7.7,5.5,5.6,22.2,0.4,0.7,2.3,1.1
Rodney Hood,POR,26,72,29,43,26.3,1.5,0.6,1.0,3.4,8.5,7.0,7.3,27.4,0.2,0.3,2.0,1.6
Rodney McGruder,LAC,27,66,31,35,23.5,0.9,1.2,0.8,3.0,8.8,6.6,6.2,21.0,0.2,0.4,1.7,1.0
Ron Baker,WAS,26,15,4,11,10.1,0.2,0.0,0.1,0.3,4.5,2.7,2.4,11.2,0.1,0.1,1.2,0.5
Rondae Hollis-Jefferson,BKN,24,59,27,32,20.9,1.4,1.2,1.1,6.1,7.6,6.3,4.8,22.4,0.5,0.8,1.8,2.7
Royce O'Neale,UTA,26,82,50,32,20.4,1.1,0.2,1.2,2.3,7.3,4.5,4.6,19.8,0.3,0.2,2.1,0.6
Rudy Gay,SAS,32,69,42,27,26.7,2.1,1.4,1.0,5.6,8.0,7.1,7.6,25.6,0.5,0.5,2.3,2.0
Rudy Gobert,UTA,27,81,50,31,31.8,2.3,4.2,0.5,11.7,11.1,7.3,7.9,30.3,2.3,0.7,2.9,5.8
Russell Westbrook,OKC,30,73,44,29,36.0,4.5,2.7,5.2,10.9,11.8,8.9,9.1,35.9,0.5,0.9,3.4,4.7
Ryan Anderson,MIA,31,25,7,18,12.9,0.4,0.3,0.3,0.6,5.5,3.1,5.0,13.8,0.0,0.3,1.0,0.8
Ryan Arcidiacono,CHI,25,81,22,59,24.2,0.9,0.4,0.5,2.2,7.8,6.9,6.5,24.1,0.0,0.2,2.1,1.5
Ryan Broekhoff,DAL,28,42,15,27,10.8,0.5,0.5,0.4,0.8,2.4,2.7,3.0,10.3,0.1,0.1,0.8,0.4
Salah Mejri,DAL,33,36,13,23,11.1,0.4,0.8,0.3,2.4,2.8,3.3,3.6,11.2,0.7,0.2,1.5,1.0
Sam Dekker,WAS,25,47,14,33,16.8,1.6,1.0,1.2,4.0,6.2,4.7,5.4,18.2,0.1,0.4,1.0,0.7
Scott Machado,LAL,29,4,3,1,4.8,0.5,0.0,1.0,1.5,2.0,1.3,1.3,3.5,0.0,0.0,0.5,0.3
Semi Ojeleye,BOS,24,56,39,17,10.6,0.6,0.6,0.8,1.3,3.1,3.0,2.8,10.1,0.1,0.2,0.8,0.6
Serge Ibaka,TOR,29,74,53,21,27.2,1.8,2.6,1.1,8.3,8.8,7.3,7.0,26.5,1.4,0.4,2.9,2.1
Seth Curry,POR,28,74,49,25,18.9,1.3,0.9,0.9,1.4,6.1,5.4,5.7,17.7,0.2,0.2,1.3,1.1
Shabazz Napier,BKN,27,56,26,30,17.6,1.0,0.8,1.1,2.5,6.3,3.9,4.3,18.2,0.3,0.5,1.2,2.0
Shai Gilgeous-Alexander,LAC,20,82,48,34,26.5,1.6,0.6,1.7,5.3,9.7,7.4,8.5,29.3,0.5,0.8,2.1,2.2
Shake Milton,PHI,22,20,10,10,13.4,1.0,0.4,0.6,1.5,3.4,3.3,3.6,15.7,0.4,0.2,1.5,0.4
Shaquille Harrison,CHI,25,73,20,53,19.6,1.5,0.5,1.3,4.3,6.3,5.8,5.3,21.0,0.4,0.6,1.7,1.6
Shaun Livingston,GSW,33,64,45,19,15.1,0.5,0.5,0.5,2.5,5.6,4.3,4.7,15.3,0.4,0.2,1.2,0.7
Shelvin Mack,CHA,29,57,22,35,21.9,1.1,0.4,0.8,3.5,7.5,5.7,7.0,19.5,0.1,0.7,1.5,1.1
Sindarius Thornwell,LAC,24,64,37,27,4.9,0.3,0.0,0.2,0.4,1.9,1.1,1.6,4.9,0.1,0.0,0.6,0.3
Skal Labissiere,POR,23,22,12,10,8.0,0.3,0.4,0.2,1.5,4.0,2.7,2.4,8.7,0.3,0.1,1.3,0.5
Solomon Hill,NOP,28,44,14,30,20.0,0.6,0.5,0.5,1.5,7.6,6.6,6.7,20.5,0.2,0.2,1.8,0.8
Spencer Dinwiddie,BKN,26,68,36,32,28.1,2.3,1.5,1.4,6.6,9.6,8.6,6.8,28.9,0.3,0.5,2.8,4.2
Stanley Johnson,NOP,23,66,28,38,18.3,1.1,0.8,1.0,2.9,7.2,4.5,4.2,19.4,0.2,0.6,1.7,1.0
Stephen Curry,GSW,31,69,52,17,33.8,3.8,2.5,4.6,5.6,12.0,9.4,10.6,32.5,0.4,0.5,2.4,3.6
Sterling Brown,MIL,24,58,45,13,17.8,1.2,0.6,1.3,2.9,5.6,4.2,5.2,16.5,0.1,0.3,1.5,0.5
Steven Adams,OKC,25,80,47,33,33.4,1.5,3.6,1.3,11.7,11.3,7.9,8.1,33.2,1.0,0.6,2.6,3.5
Svi Mykhailiuk,DET,22,42,19,23,10.5,0.4,0.1,0.5,0.5,4.0,3.7,2.6,10.5,0.0,0.2,0.6,0.5
T.J. McConnell,PHI,27,76,46,30,19.3,0.8,0.5,0.9,3.5,6.0,5.2,5.8,20.3,0.2,0.3,1.4,0.6
T.J. Warren,PHX,25,43,10,33,31.6,4.0,1.8,3.7,8.6,12.3,9.5,9.7,34.2,0.7,0.7,2.8,2.2
TJ Leaf,IND,22,58,35,23,9.0,0.6,1.0,0.7,3.0,2.8,2.4,2.6,8.4,0.3,0.2,0.6,0.4
Tahjere McCall,BKN,24,1,0,1,8.0,4.0,0.0,0.0,4.0,0.0,4.0,0.0,8.0,0.0,0.0,2.0,3.0
Taj Gibson,MIN,34,70,32,38,24.1,1.9,2.8,1.0,7.5,7.7,7.7,7.5,24.9,0.6,0.8,2.7,2.2
Taurean Prince,ATL,25,55,19,36,28.2,1.9,1.1,2.2,3.9,12.7,8.6,10.9,29.4,0.3,0.3,2.6,2.1
Terrance Ferguson,OKC,21,74,44,30,26.1,1.3,0.9,1.5,1.9,8.7,6.3,6.0,26.4,0.2,0.2,3.1,0.8
Terrence Jones,HOU,27,2,2,0,2.6,0.0,0.0,0.0,1.0,2.5,2.0,1.0,3.0,0.0,0.0,0.5,0.5
Terrence Ross,ORL,28,81,42,39,26.5,1.8,1.0,1.7,2.0,7.5,6.0,6.2,24.3,0.4,0.3,1.5,1.2
Terry Rozier,BOS,25,79,47,32,22.7,1.4,0.8,2.0,2.9,7.2,6.7,5.9,21.8,0.3,0.3,1.3,1.4
Thabo Sefolosha,UTA,35,50,28,22,12.2,0.9,0.2,0.7,1.2,3.7,2.5,2.9,12.2,0.1,0.1,0.8,0.3
Thaddeus Young,IND,31,81,47,34,30.7,2.5,2.6,1.2,9.4,9.4,8.6,9.0,28.7,0.4,0.6,2.4,2.2
Theo Pinson,BKN,23,18,7,11,11.7,0.9,0.4,0.7,1.3,3.7,2.7,2.9,10.6,0.0,0.2,0.8,0.8
Thomas Bryant,WAS,21,72,29,43,20.8,1.2,2.1,0.7,6.8,7.2,5.9,6.4,23.9,0.9,0.4,1.8,1.8
Thomas Welsh,DEN,23,11,8,3,3.3,0.3,0.0,0.0,0.4,0.1,0.7,1.5,3.6,0.0,0.0,0.3,0.2
Thon Maker,DET,22,64,44,20,15.2,0.9,0.7,0.6,1.8,4.2,3.9,4.1,14.4,0.8,0.2,1.6,1.1
Tim Frazier,MIL,28,59,27,32,19.0,0.6,0.4,0.8,2.2,6.8,4.6,5.5,19.3,0.1,0.2,1.9,1.3
Tim Hardaway Jr.,DAL,27,65,14,51,31.6,2.8,1.5,2.5,4.4,10.7,9.2,8.8,33.6,0.1,0.8,2.2,3.8
Timothe Luwawu-Cabarrot,CHI,24,50,25,25,13.4,0.6,0.4,0.9,1.6,4.3,4.2,4.3,14.5,0.2,0.4,1.5,0.7
Tobias Harris,PHI,26,82,46,36,34.7,2.1,2.0,2.2,8.6,12.1,9.1,10.8,37.3,0.5,0.7,2.2,2.6
Tomas Satoransky,WAS,27,80,32,48,27.0,1.5,1.1,1.1,4.3,9.6,7.6,7.4,29.8,0.2,0.3,2.2,1.9
Tony Bradley,UTA,21,3,2,1,12.0,0.7,2.0,0.7,5.3,7.0,4.0,5.0,16.7,0.7,0.0,2.0,0.7
Tony Parker,CHA,37,56,30,26,17.9,1.1,0.7,0.7,4.8,4.5,5.3,4.9,18.8,0.1,0.7,0.9,1.7
Tony Snell,MIL,27,74,55,19,17.6,1.0,0.6,1.0,2.0,5.6,4.8,3.8,15.7,0.2,0.1,1.2,0.4
Torrey Craig,DEN,28,75,50,25,20.0,1.1,1.0,1.2,2.5,6.2,4.8,5.0,19.9,0.6,0.2,2.3,0.8
Trae Young,ATL,20,81,29,52,30.9,2.4,1.4,3.0,7.9,13.9,9.5,11.7,33.6,0.2,1.2,1.7,5.3
Treveon Graham,BKN,25,35,19,16,20.4,0.3,0.6,0.4,1.2,6.2,5.1,5.3,22.7,0.2,0.2,1.9,1.1
Trevon Duval,HOU,20,3,2,1,1.9,0.7,0.0,0.0,0.7,1.3,0.7,0.7,2.7,0.0,0.0,0.0,0.0
Trevor Ariza,WAS,33,69,22,47,34.0,2.5,1.2,2.3,3.9,13.3,9.3,10.9,38.9,0.3,0.5,1.9,2.2
Trey Burke,DAL,26,58,16,42,19.4,1.6,0.6,1.1,4.1,5.1,6.0,5.1,20.0,0.1,0.7,1.0,1.7
Trey Lyles,DEN,23,64,42,22,17.5,1.3,1.2,1.0,4.2,5.0,4.9,4.2,18.5,0.4,0.4,1.5,1.5
Tristan Thompson,CLE,28,43,8,35,27.9,1.5,3.7,0.5,8.8,10.0,7.7,7.6,29.7,0.4,0.8,2.1,2.8
Troy Brown Jr.,WAS,19,52,20,32,14.0,0.9,0.6,0.7,2.3,4.4,3.9,3.8,15.4,0.1,0.5,1.1,0.8
Troy Caupain,ORL,23,4,3,1,3.9,0.0,0.8,0.0,0.5,0.3,0.0,0.8,3.0,0.0,0.0,0.0,0.0
Troy Daniels,PHX,27,51,13,38,14.9,0.8,0.6,0.5,0.8,5.7,4.3,3.7,16.5,0.1,0.1,1.5,0.6
Troy Williams,SAC,24,21,7,14,14.9,1.6,0.7,1.9,2.8,5.5,4.3,4.5,15.8,0.4,0.3,1.8,0.6
Tyler Cavanaugh,UTA,25,11,7,4,3.6,0.0,0.0,0.2,0.4,1.9,1.4,0.7,5.1,0.0,0.0,0.3,0.1
Tyler Davis,OKC,22,1,1,0,0.9,0.0,0.0,0.0,0.0,0.0,0.0,0.0,0.0,0.0,0.0,0.0,0.0
Tyler Dorsey,MEM,23,48,11,37,14.5,0.9,0.4,1.1,2.1,5.4,3.1,5.2,14.5,0.0,0.4,1.1,1.0
Tyler Johnson,PHX,27,57,26,31,26.8,1.4,1.0,1.1,4.0,10.3,8.4,7.6,25.8,0.5,0.5,1.7,2.0
Tyler Lydon,DEN,23,25,20,5,3.7,0.2,0.3,0.1,0.4,0.8,1.1,1.0,4.2,0.0,0.1,0.4,0.1
Tyler Ulis,CHI,23,1,0,1,0.8,0.0,0.0,0.0,0.0,0.0,0.0,0.0,0.0,0.0,0.0,0.0,0.0
Tyler Zeller,MEM,29,6,3,3,15.5,0.0,2.0,0.0,5.0,2.2,4.0,2.3,10.3,0.5,0.2,3.3,1.8
Tyreke Evans,IND,29,69,41,28,20.3,2.0,0.6,2.3,4.3,6.4,5.3,6.4,19.4,0.3,0.8,1.7,1.9
Tyrone Wallace,LAC,25,62,34,28,10.1,0.9,0.3,0.8,2.5,3.8,3.5,3.2,9.8,0.1,0.5,1.3,0.8
Tyson Chandler,LAL,36,55,26,29,15.9,0.5,1.1,0.1,2.2,6.2,4.5,5.0,14.8,0.4,0.1,2.0,1.3
Tyus Jones,MIN,23,68,29,39,22.9,1.3,0.5,0.9,3.3,6.4,6.5,6.6,24.0,0.1,0.3,1.1,1.1
Udonis Haslem,MIA,39,10,8,2,7.5,0.2,0.6,0.0,1.2,1.7,2.4,2.5,6.6,0.0,0.1,0.9,0.7
Victor Oladipo,IND,27,36,25,11,31.9,3.2,1.1,3.9,5.8,9.3,8.2,8.5,26.4,0.3,1.4,2.0,3.6
Vince Carter,ATL,42,76,25,51,17.5,0.9,0.5,0.7,1.5,7.4,5.3,5.1,16.7,0.4,0.1,1.9,1.1
Vincent Edwards,HOU,23,2,1,1,7.9,0.0,1.5,0.0,0.0,1.5,2.5,1.0,7.0,0.0,0.0,0.0,0.5
Wade Baldwin IV,POR,23,16,10,6,5.9,0.0,0.0,0.1,0.8,2.6,1.9,2.2,6.1,0.1,0.3,0.7,0.6
Walter Lemon Jr.,CHI,26,6,1,5,27.9,2.0,1.2,1.3,10.0,9.3,6.3,7.8,28.3,0.2,2.0,2.3,1.8
Wayne Ellington,DET,31,53,26,27,24.5,1.7,1.1,1.2,1.5,8.2,6.0,6.1,23.4,0.1,0.2,1.7,0.7
Wayne Selden,CHI,24,75,27,48,19.2,1.2,0.5,0.9,2.7,6.2,5.2,5.5,19.1,0.2,0.4,1.7,1.1
Wendell Carter Jr.,CHI,20,44,10,34,25.2,1.5,1.7,0.7,6.5,8.7,6.7,7.2,22.9,1.3,0.6,3.5,2.4
Wes Iwundu,ORL,24,68,36,32,18.1,1.0,0.8,1.0,1.9,5.2,4.7,4.2,18.0,0.3,0.4,1.8,1.1
Wesley Johnson,WAS,31,38,17,21,14.1,0.4,0.4,0.3,0.6,4.8,4.4,4.2,15.6,0.3,0.0,1.7,0.4
Wesley Matthews,IND,32,69,27,42,30.3,1.4,1.4,1.0,2.7,10.6,8.3,11.2,30.6,0.2,0.4,2.3,2.3
Will Barton,DEN,28,43,27,16,27.7,1.8,1.3,1.7,4.6,8.9,6.8,7.9,28.9,0.5,0.5,1.9,1.4
Willie Cauley-Stein,SAC,25,81,39,42,27.3,1.9,1.3,1.6,9.4,8.8,7.9,8.1,29.1,0.6,0.9,2.8,2.7
Willy Hernangomez,CHA,25,58,31,27,14.0,0.7,2.1,0.4,4.6,4.9,3.9,4.4,15.7,0.3,0.5,1.7,1.9
Wilson Chandler,LAC,32,51,35,16,23.1,0.8,0.7,1.3,1.7,9.0,5.9,6.2,23.8,0.4,0.1,2.4,0.5
Yante Maten,MIA,22,2,1,1,6.5,1.0,0.0,1.0,1.0,1.0,4.0,1.5,7.0,0.0,0.0,0.0,0.5
Yogi Ferrell,SAC,26,71,33,38,15.0,1.0,0.3,1.3,1.9,5.4,4.7,4.0,15.5,0.1,0.3,0.9,1.3
Yuta Watanabe,MEM,24,15,5,10,11.6,0.9,0.4,0.7,1.5,4.6,3.1,3.2,10.3,0.1,0.1,0.7,0.4
Zach Collins,POR,21,77,51,26,17.6,0.8,1.4,0.4,3.6,6.1,5.7,5.2,16.6,0.9,0.4,2.3,1.6
Zach LaVine,CHI,24,63,16,47,34.5,3.8,2.2,3.3,10.7,12.3,9.4,9.0,34.3,0.4,1.6,2.2,4.1
Zach Lofton,DET,26,1,1,0,3.8,0.0,0.0,0.0,0.0,2.0,0.0,0.0,8.0,0.0,0.0,0.0,0.0
Zaza Pachulia,DET,35,68,35,33,12.9,0.5,0.9,0.2,2.0,4.3,2.9,2.8,13.2,0.3,0.3,2.2,2.0
Zhaire Smith,PHI,20,6,2,4,18.4,1.3,0.7,0.3,2.3,6.3,5.0,6.3,20.3,0.3,0.5,1.3,0.7
Zhou Qi,HOU,23,1,0,1,1.0,0.0,0.0,0.0,2.0,0.0,0.0,0.0,2.0,0.0,0.0,0.0,0.0
