PLAYER,TEAM,AGE,Restricted Area FGM,Restricted Area FGA,Restricted Area FG PCT,In The Paint (Non-RA) FGM,In The Paint (Non-RA) FGA,In The Paint (Non-RA) FG PCT,Mid-Range FGM,Mid-Range FGA,Mid-Range FG PCT,Left Corner 3 FGM,Left Corner 3 FGA,Left Corner 3 FG PCT,Right Corner 3 FGM,Right Corner 3 FGA,Right Corner 3 FG PCT,Corner 3 FGM,Corner 3 FGA,Corner 3 FG PCT,Above the Break 3 FGM,Above the Break 3 FGA,Above the Break 3 FG PCT
AJ Price,MIN,27,0.1,0.1,100,0.1,0.1,100,0.4,0.8,45.0,0.0,0.0,0.0,0.1,0.1,100,0.1,0.1,100,0.2,0.9,23.8
Aaron Brooks,DEN,29,1.0,2.1,48.9,0.5,1.6,33.3,0.5,1.2,38.6,0.2,0.3,55.6,0.1,0.3,33.3,0.3,0.6,50.0,1.1,2.9,38.0
Aaron Gray,SAC,29,0.4,0.8,48.3,0.3,0.7,41.7,0.1,0.2,42.9,0.0,0.0,0.0,0.0,0.0,0.0,0.0,0.0,-,0.0,0.0,0.0
Adonis Thomas,PHI,21,0.2,0.3,50.0,0.4,0.4,100,0.3,0.8,40.0,0.0,0.3,0.0,0.0,0.3,0.0,0.0,0.6,0.0,0.2,0.5,33.3
Al Harrington,WAS,34,1.2,2.1,57.4,0.1,0.5,16.7,0.2,0.6,28.6,0.2,0.4,41.7,0.3,0.6,46.2,0.5,1.0,50.0,0.7,2.3,30.7
Al Horford,ATL,28,3.8,5.0,75.3,1.2,2.8,45.0,3.0,6.3,48.1,0.1,0.2,40.0,0.1,0.2,33.3,0.2,0.4,50.0,0.0,0.0,0.0
Al Jefferson,CHA,29,4.1,6.1,66.9,2.6,5.2,51.3,2.8,7.4,38.1,0.0,0.0,0.0,0.0,0.0,0.0,0.0,0.0,-,0.0,0.1,30.0
Al-Farouq Aminu,NOP,23,2.0,3.2,62.0,0.3,0.9,28.2,0.5,1.5,35.8,0.1,0.2,41.7,0.1,0.3,31.6,0.2,0.5,40.0,0.0,0.2,11.8
Alan Anderson,BKN,31,0.8,1.2,62.5,0.2,0.5,29.3,0.5,1.3,38.0,0.2,0.6,37.0,0.1,0.6,21.7,0.3,1.2,25.0,0.7,2.0,37.0
Alec Burks,UTA,22,2.6,4.3,59.6,0.6,1.5,39.8,1.1,3.0,35.2,0.1,0.3,47.4,0.1,0.3,31.6,0.2,0.6,33.3,0.4,1.2,36.5
Alex Len,PHX,21,0.6,1.0,56.1,0.2,0.4,42.9,0.1,0.6,17.4,0.0,0.0,0.0,0.0,0.0,0.0,0.0,0.0,-,0.0,0.0,0.0
Alexey Shved,MIN,25,0.6,1.2,53.3,0.0,0.3,10.5,0.1,0.7,9.8,0.1,0.2,25.0,0.1,0.2,60.0,0.2,0.4,50.0,0.4,1.4,28.7
Alexis Ajinca,NOP,26,1.4,2.3,63.3,0.4,0.8,50.0,0.6,1.4,43.4,0.0,0.0,0.0,0.0,0.0,0.0,0.0,0.0,-,0.0,0.0,0.0
Allen Crabbe,POR,22,0.3,0.7,37.5,0.1,0.3,33.3,0.1,0.5,25.0,0.3,0.7,50.0,0.0,0.0,0.0,0.3,0.7,42.9,0.3,0.8,40.0
Alonzo Gee,CLE,27,0.9,1.5,61.2,0.1,0.4,36.4,0.2,0.9,19.0,0.2,0.4,40.9,0.1,0.5,31.6,0.3,0.9,33.3,0.1,0.3,25.0
Amar'e Stoudemire,NYK,31,2.9,4.4,65.7,0.6,1.3,48.8,1.3,2.9,43.6,0.0,0.0,0.0,0.0,0.0,0.0,0.0,0.0,-,0.0,0.0,0.0
Amir Johnson,TOR,27,2.8,4.1,68.7,0.9,1.8,48.6,0.5,1.2,44.1,0.0,0.1,50.0,0.0,0.2,8.3,0.0,0.3,0.0,0.2,0.7,34.0
Anderson Varejao,CLE,31,1.6,3.0,54.9,0.7,1.5,46.0,1.2,2.4,47.2,0.0,0.0,0.0,0.0,0.0,0.0,0.0,0.0,-,0.0,0.1,0.0
Andray Blatche,BKN,27,2.6,4.0,63.8,0.5,1.3,39.8,1.1,3.2,35.0,0.0,0.1,40.0,0.0,0.2,30.0,0.0,0.3,0.0,0.1,0.5,29.4
Andre Drummond,DET,20,5.5,8.2,67.2,0.4,1.2,30.9,0.0,0.1,33.3,0.0,0.0,0.0,0.0,0.0,0.0,0.0,0.0,-,0.0,0.0,0.0
Andre Iguodala,GSW,30,1.6,2.3,70.1,0.3,0.8,40.4,0.5,1.3,40.5,0.2,0.5,35.5,0.3,0.7,40.0,0.5,1.2,41.7,0.6,1.6,34.0
Andre Miller,WAS,38,0.9,1.7,56.1,0.4,1.2,35.3,0.3,0.8,36.4,0.0,0.0,100,0.0,0.0,100,0.0,0.0,-,0.1,0.2,61.5
Andre Roberson,OKC,22,0.8,1.3,63.3,0.0,0.1,0.0,0.0,0.1,0.0,0.0,0.2,0.0,0.1,0.3,50.0,0.1,0.5,20.0,0.0,0.1,0.0
Andrea Bargnani,NYK,28,1.6,2.8,57.6,0.9,2.1,43.8,2.0,4.5,45.5,0.0,0.1,50.0,0.0,0.0,0.0,0.0,0.1,0.0,0.7,2.5,27.4
Andrei Kirilenko,BKN,33,1.5,2.4,62.4,0.2,0.4,45.0,0.1,0.6,15.4,0.0,0.0,0.0,0.0,0.1,0.0,0.0,0.1,0.0,0.0,0.1,33.3
Andrew Bogut,GSW,29,2.8,4.1,69.0,0.6,1.4,45.1,0.1,0.1,50.0,0.0,0.0,0.0,0.0,0.0,0.0,0.0,0.0,-,0.0,0.0,0.0
Andrew Bynum,IND,26,1.4,2.9,48.7,1.4,3.3,41.9,0.8,2.4,33.3,0.0,0.0,0.0,0.0,0.0,0.0,0.0,0.0,-,0.0,0.0,0.0
Andrew Nicholson,ORL,24,0.6,0.8,68.8,0.4,1.0,38.5,1.0,2.5,41.3,0.3,0.9,32.1,0.2,0.5,32.1,0.5,1.4,35.7,0.0,0.1,28.6
Andris Biedrins,UTA,28,0.2,0.2,100,0.0,0.0,0.0,0.0,0.0,0.0,0.0,0.0,0.0,0.0,0.0,0.0,0.0,0.0,-,0.0,0.0,0.0
Antawn Jamison,LAC,38,0.7,1.2,55.6,0.1,0.3,28.6,0.2,0.8,23.5,0.0,0.4,0.0,0.1,0.5,16.7,0.1,0.9,11.1,0.3,1.3,24.1
Anthony Bennett,CLE,21,0.8,1.4,57.7,0.1,0.4,19.0,0.4,1.5,27.5,0.0,0.1,25.0,0.1,0.2,28.6,0.1,0.3,33.3,0.2,0.8,23.8
Anthony Davis,NOP,21,4.5,6.7,67.6,1.1,2.8,38.9,2.1,5.4,40.1,0.0,0.1,33.3,0.0,0.0,0.0,0.0,0.1,0.0,0.0,0.0,0.0
Anthony Morrow,NOP,28,0.4,0.7,55.8,0.6,1.3,50.0,0.9,2.3,41.1,0.3,0.6,42.1,0.3,0.6,50.0,0.6,1.2,50.0,0.7,1.6,44.5
Anthony Randolph,DEN,24,0.8,1.3,59.6,0.1,0.4,35.3,0.3,1.1,28.3,0.2,0.5,33.3,0.1,0.4,33.3,0.3,0.9,33.3,0.2,0.8,27.3
Anthony Tolliver,CHA,29,0.3,0.5,63.3,0.0,0.1,16.7,0.1,0.4,29.2,0.2,0.5,37.5,0.5,1.1,40.0,0.7,1.6,43.7,1.1,2.6,42.3
Archie Goodwin,PHX,19,1.2,1.9,60.4,0.2,0.4,40.0,0.0,0.2,20.0,0.0,0.1,0.0,0.1,0.3,22.2,0.1,0.4,25.0,0.1,0.4,14.3
Arinze Onuaku,CLE,26,0.3,1.3,20.0,0.0,0.0,0.0,0.0,0.0,0.0,0.0,0.0,0.0,0.0,0.0,0.0,0.0,0.0,-,0.0,0.0,0.0
Arnett Moultrie,PHI,23,0.7,1.2,57.1,0.0,0.3,0.0,0.7,1.8,38.1,0.0,0.0,0.0,0.0,0.0,0.0,0.0,0.0,-,0.0,0.0,0.0
Aron Baynes,SAS,27,1.0,1.9,54.0,0.3,0.8,33.3,0.2,0.7,29.7,0.0,0.0,0.0,0.0,0.0,0.0,0.0,0.0,-,0.0,0.0,0.0
Arron Afflalo,ORL,28,1.3,2.3,56.7,0.5,1.3,40.4,2.8,6.1,45.1,0.5,1.0,50.7,0.1,0.3,41.2,0.6,1.3,46.2,1.2,2.8,40.6
Austin Daye,SAS,26,0.4,0.5,66.7,0.1,0.3,16.7,0.2,0.8,31.3,0.0,0.0,0.0,0.0,0.4,0.0,0.0,0.4,0.0,0.6,1.7,36.4
Austin Rivers,NOP,21,1.6,3.2,48.6,0.6,1.7,34.2,0.1,0.6,24.4,0.1,0.2,50.0,0.1,0.2,33.3,0.2,0.4,50.0,0.4,1.1,37.5
Avery Bradley,BOS,23,1.6,2.8,57.1,0.3,1.0,29.3,2.8,6.6,42.4,0.4,1.2,33.3,0.4,1.0,40.0,0.8,2.2,36.4,0.6,1.2,44.6
Ben Gordon,CHA,31,0.6,1.2,52.2,0.2,0.5,40.0,0.7,2.4,28.3,0.1,0.5,16.7,0.0,0.0,0.0,0.1,0.5,20.0,0.4,1.2,31.8
Ben McLemore,SAC,21,1.2,2.1,57.3,0.1,0.6,15.1,0.7,1.9,34.2,0.3,0.7,40.4,0.2,0.4,44.8,0.5,1.1,45.5,0.7,2.6,28.4
Beno Udrih,MEM,31,0.5,0.9,56.8,0.2,0.6,36.4,0.8,2.0,39.0,0.1,0.2,60.0,0.2,0.4,50.0,0.3,0.6,50.0,0.3,0.7,40.7
Bernard James,DAL,29,0.4,0.7,55.6,0.0,0.1,33.3,0.0,0.0,0.0,0.0,0.0,0.0,0.0,0.0,0.0,0.0,0.0,-,0.0,0.0,0.0
Bismack Biyombo,CHA,21,0.9,1.3,69.9,0.1,0.4,39.3,0.1,0.2,38.5,0.0,0.0,0.0,0.0,0.0,0.0,0.0,0.0,-,0.0,0.0,0.0
Blake Griffin,LAC,25,5.8,8.1,70.8,0.9,2.5,36.5,2.2,5.8,37.1,0.1,0.2,41.7,0.0,0.1,50.0,0.1,0.3,33.3,0.1,0.3,16.0
Boris Diaw,SAS,32,1.8,2.7,66.7,0.8,1.7,48.1,0.7,1.6,41.9,0.1,0.1,40.0,0.0,0.2,27.3,0.1,0.3,33.3,0.5,1.1,42.7
Bradley Beal,WAS,21,1.5,2.6,57.3,0.5,1.3,42.6,2.6,7.1,37.2,0.4,0.9,39.7,0.3,0.7,36.5,0.7,1.6,43.7,1.3,3.1,41.2
Brandan Wright,DAL,26,3.1,3.9,79.0,0.6,1.4,44.4,0.2,0.4,42.3,0.0,0.0,0.0,0.0,0.0,0.0,0.0,0.0,-,0.0,0.0,0.0
Brandon Bass,BOS,29,2.0,3.4,57.1,0.5,1.5,36.4,1.8,3.9,45.9,0.0,0.0,0.0,0.0,0.0,0.0,0.0,0.0,-,0.0,0.0,66.7
Brandon Davies,PHI,22,0.8,1.4,54.3,0.2,0.5,32.0,0.1,0.5,26.1,0.0,0.0,0.0,0.0,0.0,0.0,0.0,0.0,-,0.0,0.2,22.2
Brandon Jennings,DET,24,1.7,3.4,49.6,0.5,1.7,31.2,1.1,3.3,33.8,0.2,0.5,37.8,0.1,0.3,26.1,0.3,0.8,37.5,1.7,4.9,34.5
Brandon Knight,MIL,22,2.7,4.8,55.9,0.7,1.9,36.4,1.5,3.7,39.6,0.1,0.2,35.3,0.1,0.3,33.3,0.2,0.5,40.0,1.3,4.2,32.3
Brandon Rush,UTA,28,0.1,0.3,30.0,0.1,0.2,37.5,0.2,0.7,32.0,0.1,0.3,42.9,0.1,0.3,37.5,0.2,0.6,33.3,0.3,0.8,31.3
Brian Roberts,NOP,28,0.4,1.0,38.0,0.8,1.6,47.4,1.4,3.0,45.4,0.1,0.3,38.1,0.1,0.3,37.5,0.2,0.6,33.3,0.7,1.9,36.8
Brook Lopez,BKN,26,3.4,5.4,63.0,2.1,3.9,54.5,2.1,4.1,50.0,0.0,0.0,0.0,0.0,0.1,0.0,0.0,0.1,0.0,0.0,0.0,0.0
Byron Mullens,PHI,25,0.6,0.8,69.4,0.1,0.4,26.7,0.3,0.6,44.0,0.1,0.3,28.6,0.0,0.0,0.0,0.1,0.3,33.3,0.7,1.8,38.3
C.J. Watson,IND,30,0.8,1.4,57.5,0.1,0.3,27.8,0.6,1.3,45.2,0.2,0.5,52.0,0.1,0.4,33.3,0.3,0.9,33.3,0.5,1.6,33.7
CJ McCollum,POR,22,0.4,0.8,46.7,0.3,0.7,50.0,0.5,1.2,40.9,0.2,0.4,50.0,0.2,0.4,55.6,0.4,0.8,50.0,0.5,1.6,32.8
CJ Miles,CLE,27,0.8,1.5,56.0,0.4,0.9,43.5,0.6,1.5,42.9,0.3,0.8,45.5,0.3,0.5,52.4,0.6,1.3,46.2,1.1,3.0,37.0
Carl Landry,SAC,30,0.8,1.1,70.0,0.1,0.6,20.0,0.8,1.7,50.0,0.0,0.0,0.0,0.0,0.0,0.0,0.0,0.0,-,0.0,0.0,0.0
Carlos Boozer,CHI,32,2.9,4.8,59.1,0.7,2.1,33.1,2.3,5.9,39.2,0.0,0.0,0.0,0.0,0.0,0.0,0.0,0.0,-,0.0,0.0,0.0
Carmelo Anthony,NYK,30,2.5,4.5,54.4,0.6,1.5,41.6,4.4,9.9,44.3,0.1,0.4,34.5,0.0,0.1,60.0,0.1,0.5,20.0,2.0,4.9,41.0
Caron Butler,OKC,34,0.3,0.7,47.5,0.1,0.4,29.2,1.6,4.1,39.2,0.3,0.7,38.2,0.4,0.9,40.0,0.7,1.6,43.7,1.2,3.0,39.9
Carrick Felix,CLE,23,0.8,1.0,83.3,0.0,0.0,0.0,0.0,0.4,0.0,0.0,0.0,0.0,0.3,0.3,100,0.3,0.3,100,0.2,0.7,25.0
Cartier Martin,ATL,29,0.4,0.8,55.3,0.1,0.2,27.3,0.4,0.9,41.8,0.2,0.6,30.8,0.3,0.6,42.3,0.5,1.2,41.7,0.7,1.7,41.2
Casper Ware,PHI,24,0.8,0.9,87.5,0.2,0.7,33.3,0.2,0.8,28.6,0.0,0.1,0.0,0.4,0.4,100,0.4,0.5,80.0,0.3,1.8,18.8
Chandler Parsons,HOU,25,3.1,5.1,59.8,0.9,2.0,47.6,0.5,1.5,35.5,0.2,0.4,37.5,0.3,0.6,45.7,0.5,1.0,50.0,1.3,3.7,35.1
Channing Frye,PHX,31,0.8,1.2,62.6,0.4,0.8,47.1,1.0,2.2,45.8,0.1,0.2,27.8,0.1,0.3,28.0,0.2,0.5,40.0,1.8,4.7,38.3
Charlie Villanueva,DET,29,0.7,0.8,81.3,0.2,0.6,33.3,0.2,0.4,50.0,0.0,0.3,0.0,0.0,0.1,0.0,0.0,0.4,0.0,0.7,2.6,26.9
Chase Budinger,MIN,26,0.9,1.4,64.9,0.2,0.5,38.1,0.3,1.4,23.2,0.2,0.6,38.9,0.2,0.5,40.0,0.4,1.1,36.4,0.7,2.2,33.3
Chauncey Billups,DET,37,0.1,0.2,33.3,0.1,0.5,10.0,0.4,0.9,44.4,0.1,0.3,50.0,0.1,0.1,50.0,0.2,0.4,50.0,0.6,2.2,26.2
Chris Andersen,MIA,35,2.3,3.2,72.4,0.0,0.2,16.7,0.1,0.3,30.4,0.0,0.0,0.0,0.0,0.0,33.3,0.0,0.0,-,0.0,0.1,25.0
Chris Babb,BOS,24,0.1,0.1,100,0.0,0.0,0.0,0.0,0.1,0.0,0.1,0.3,50.0,0.0,0.5,0.0,0.1,0.8,12.5,0.4,1.5,23.8
Chris Bosh,MIA,30,2.6,3.7,70.5,0.5,1.2,45.7,2.2,4.4,48.4,0.1,0.3,47.6,0.1,0.4,27.3,0.2,0.7,28.6,0.7,2.1,33.5
Chris Copeland,IND,30,0.5,0.7,68.0,0.1,0.2,50.0,0.0,0.1,20.0,0.1,0.3,33.3,0.1,0.1,50.0,0.2,0.4,50.0,0.8,2.0,42.3
Chris Douglas-Roberts,CHA,27,1.0,1.6,60.3,0.1,0.4,33.3,0.1,0.5,29.2,0.3,0.8,39.4,0.3,0.6,52.2,0.6,1.4,42.9,0.5,1.6,34.2
Chris Johnson,BOS,24,0.8,1.4,58.2,0.1,0.3,50.0,0.1,0.6,22.7,0.5,0.9,53.3,0.2,0.5,33.3,0.7,1.4,50.0,0.5,2.0,26.6
Chris Kaman,LAL,32,2.0,3.0,67.5,0.8,2.3,36.3,1.6,3.5,47.4,0.0,0.0,0.0,0.0,0.0,0.0,0.0,0.0,-,0.0,0.1,0.0
Chris Paul,LAC,29,1.4,2.1,64.7,1.4,2.9,48.6,2.5,5.5,44.8,0.0,0.1,22.2,0.1,0.2,58.3,0.1,0.3,33.3,1.1,3.1,36.3
Chris Singleton,WAS,24,0.4,0.8,52.4,0.0,0.3,0.0,0.3,0.9,33.3,0.0,0.2,0.0,0.0,0.4,0.0,0.0,0.6,0.0,0.3,0.6,53.8
Chris Smith,NYK,26,0.0,0.0,0.0,-,-,-,0.0,0.0,0.0,0.0,0.0,0.0,-,-,-,0.0,0.0,-,0.0,0.0,0.0
Chris Wright,MIL,25,2.5,3.9,64.5,0.0,0.3,0.0,0.1,0.1,100,0.0,0.0,0.0,0.0,0.2,0.0,0.0,0.2,0.0,0.0,0.0,0.0
Chuck Hayes,TOR,31,0.6,1.1,55.9,0.3,0.9,28.6,0.0,0.1,40.0,0.0,0.0,0.0,0.0,0.0,0.0,0.0,0.0,-,0.0,0.0,0.0
Cody Zeller,CHA,21,1.4,2.6,54.4,0.1,0.5,31.6,0.5,1.8,28.4,0.0,0.0,0.0,0.0,0.0,0.0,0.0,0.0,-,0.0,0.0,0.0
Cole Aldrich,NYK,25,0.6,1.1,56.8,0.3,0.6,50.0,0.0,0.1,50.0,0.0,0.0,0.0,0.0,0.0,0.0,0.0,0.0,-,0.0,0.0,0.0
Corey Brewer,MIN,28,3.3,5.1,65.0,0.3,0.9,37.8,0.4,1.3,28.6,0.3,0.8,32.3,0.3,0.9,29.9,0.6,1.7,35.3,0.2,1.0,23.4
Cory Joseph,SAS,22,0.9,1.4,62.5,0.3,0.7,38.1,0.7,1.6,44.3,0.2,0.4,43.8,0.0,0.2,25.0,0.2,0.6,33.3,0.0,0.2,23.1
Courtney Lee,MEM,28,1.1,1.7,65.2,0.3,0.8,36.1,1.5,2.9,50.7,0.2,0.6,34.2,0.2,0.5,39.4,0.4,1.1,36.4,0.6,1.5,38.0
D.J. Augustin,CHI,26,1.3,2.5,49.7,0.3,0.9,32.3,0.8,2.0,38.9,0.2,0.6,39.5,0.2,0.5,32.1,0.4,1.1,36.4,1.5,3.6,41.7
DJ Stephens,MIL,23,1.5,3.0,50.0,0.0,0.5,0.0,0.0,0.0,0.0,0.0,0.0,0.0,-,-,-,0.0,0.0,-,0.0,0.0,0.0
DJ White,CHA,27,0.0,0.0,0.0,0.0,0.0,0.0,0.0,0.5,0.0,0.0,0.0,0.0,0.0,0.0,0.0,0.0,0.0,-,0.0,0.0,0.0
Damian Lillard,POR,23,2.5,5.0,49.9,0.5,1.6,28.7,1.1,2.6,44.3,0.2,0.3,61.9,0.1,0.4,31.3,0.3,0.7,42.9,2.4,6.1,39.0
Damion James,SAS,26,0.3,0.5,50.0,0.0,0.0,0.0,0.3,1.3,20.0,0.0,0.0,0.0,0.0,1.0,0.0,0.0,1.0,0.0,0.0,0.0,0.0
Daniel Orton,PHI,23,0.6,1.2,50.0,0.1,0.4,14.3,0.4,0.7,50.0,0.0,0.0,0.0,0.0,0.0,0.0,0.0,0.0,-,0.0,0.0,0.0
Danny Granger,LAC,31,0.9,1.7,53.5,0.2,0.9,22.9,0.7,1.8,37.0,0.3,0.7,41.7,0.2,0.5,36.8,0.5,1.2,41.7,0.6,2.1,30.6
Danny Green,SAS,27,0.7,1.0,66.2,0.3,0.6,43.9,0.3,1.1,29.5,0.4,1.0,35.9,0.3,0.7,34.8,0.7,1.7,41.2,1.4,3.0,44.9
Dante Cunningham,MIN,27,1.0,1.5,69.4,0.3,0.6,45.7,1.6,4.2,38.9,0.0,0.0,0.0,0.0,0.0,0.0,0.0,0.0,-,0.0,0.0,0.0
Darius Johnson-Odom,PHI,24,0.0,0.0,0.0,0.0,0.5,0.0,0.0,1.0,0.0,0.0,0.0,0.0,0.0,1.0,0.0,0.0,1.0,0.0,0.0,1.0,0.0
Darius Miller,NOP,24,0.2,0.3,53.3,0.2,0.4,55.0,0.6,1.2,53.7,0.1,0.3,40.0,0.2,0.5,41.2,0.3,0.8,37.5,0.3,1.1,29.2
Darius Morris,MEM,23,0.7,1.0,72.0,0.2,0.5,33.3,0.2,0.8,23.8,0.1,0.2,25.0,0.1,0.3,50.0,0.2,0.5,40.0,0.3,1.1,28.6
Darrell Arthur,DEN,26,0.5,1.0,47.1,0.1,0.4,23.3,1.5,3.6,39.9,0.0,0.1,16.7,0.1,0.2,45.5,0.1,0.3,33.3,0.3,0.7,39.1
Darren Collison,LAC,26,1.7,2.7,61.2,0.3,0.9,34.2,1.2,2.7,44.1,0.3,0.6,41.7,0.2,0.4,64.3,0.5,1.0,50.0,0.4,1.4,30.6
David Lee,GSW,31,4.7,7.6,62.3,1.8,4.3,43.1,0.9,2.4,37.4,0.0,0.0,0.0,0.0,0.0,0.0,0.0,0.0,-,0.0,0.0,0.0
David West,IND,33,1.8,3.0,59.4,1.4,3.3,43.3,2.5,5.3,46.9,0.0,0.1,0.0,0.0,0.0,0.0,0.0,0.1,0.0,0.1,0.1,44.4
DeAndre Jordan,LAC,25,4.1,5.7,71.9,0.1,0.5,24.4,0.0,0.1,37.5,0.0,0.0,0.0,0.0,0.0,0.0,0.0,0.0,-,0.0,0.0,0.0
DeAndre Liggins,MIA,26,1.0,1.0,100,-,-,-,0.0,0.0,0.0,0.0,0.0,0.0,-,-,-,0.0,0.0,-,0.0,0.0,0.0
DeJuan Blair,DAL,25,1.7,2.7,63.6,0.9,2.1,44.1,0.1,0.3,28.6,0.0,0.0,0.0,0.0,0.0,0.0,0.0,0.0,-,0.0,0.0,0.0
DeMar DeRozan,TOR,24,2.2,3.4,64.4,1.0,2.6,39.6,3.6,9.2,39.6,0.3,0.9,37.5,0.1,0.3,45.5,0.4,1.2,33.3,0.3,1.5,23.3
DeMarcus Cousins,SAC,23,4.8,7.7,63.1,1.4,4.0,36.2,2.1,5.0,40.8,0.0,0.0,0.0,0.0,0.0,0.0,0.0,0.0,-,0.0,0.1,0.0
DeMarre Carroll,ATL,27,2.0,3.0,67.1,0.4,1.1,34.1,0.4,1.0,41.1,0.2,0.6,39.1,0.3,0.8,34.4,0.5,1.4,35.7,0.8,2.2,36.0
Dennis Schroder,ATL,20,0.8,1.3,57.8,0.3,0.9,31.7,0.3,0.9,29.3,0.1,0.1,40.0,0.0,0.1,25.0,0.1,0.2,50.0,0.1,0.6,22.6
Derek Fisher,OKC,39,0.2,0.3,46.4,0.1,0.3,25.0,0.4,1.0,42.5,0.2,0.5,34.4,0.1,0.4,20.0,0.3,0.9,33.3,0.9,2.1,42.5
Deron Williams,BKN,30,1.4,2.3,61.0,0.7,1.6,41.2,1.5,3.1,46.5,0.2,0.4,47.8,0.1,0.4,36.0,0.3,0.8,37.5,1.2,3.4,35.8
Derrick Favors,UTA,22,3.6,5.4,66.8,1.0,2.5,41.3,0.7,2.4,30.9,0.0,0.0,0.0,0.0,0.0,0.0,0.0,0.0,-,0.0,0.0,0.0
Derrick Rose,CHI,25,2.8,6.0,46.7,0.6,2.5,24.0,0.8,3.2,25.0,0.2,0.6,33.3,0.0,0.0,0.0,0.2,0.6,33.3,1.4,4.1,34.1
Derrick Williams,SAC,23,1.6,2.5,64.1,0.3,1.1,25.0,0.5,1.4,33.3,0.1,0.3,45.0,0.0,0.2,18.2,0.1,0.5,20.0,0.2,0.9,22.1
Devin Harris,DAL,31,1.1,2.0,53.2,0.2,0.9,25.0,0.4,1.0,36.8,0.0,0.1,0.0,0.1,0.2,33.3,0.1,0.3,33.3,0.7,2.3,32.2
Dewayne Dedmon,ORL,24,0.9,1.8,52.8,0.1,0.4,27.3,0.2,0.6,36.8,0.0,0.0,0.0,0.0,0.0,0.0,0.0,0.0,-,0.0,0.0,0.0
Dexter Pittman,ATL,26,0.0,1.0,0.0,0.0,0.0,0.0,0.0,0.0,0.0,-,-,-,-,-,-,0.0,0.0,-,0.0,0.0,0.0
Diante Garrett,UTA,25,0.4,0.7,52.1,0.4,0.9,39.7,0.2,0.8,25.9,0.0,0.2,18.2,0.2,0.3,71.4,0.2,0.5,40.0,0.3,0.9,36.9
Dion Waiters,CLE,22,2.2,4.4,51.0,0.3,0.8,32.2,2.3,5.4,43.1,0.3,0.5,50.0,0.0,0.3,10.0,0.3,0.8,37.5,1.0,2.8,37.4
Dionte Christmas,PHX,27,0.3,0.5,53.3,0.0,0.0,0.0,0.2,0.5,33.3,0.0,0.3,0.0,0.2,0.2,100,0.2,0.5,40.0,0.2,0.9,24.0
Dirk Nowitzki,DAL,36,0.9,1.1,74.7,1.0,1.8,53.5,4.5,8.9,50.4,0.0,0.1,0.0,0.0,0.1,25.0,0.0,0.2,0.0,1.6,4.0,40.6
Donald Sloan,IND,26,0.4,0.8,47.2,0.2,0.4,43.8,0.2,0.5,43.5,0.1,0.4,28.6,0.1,0.2,40.0,0.2,0.6,33.3,0.1,0.7,20.0
Donatas Motiejunas,HOU,23,1.0,1.9,53.9,0.7,1.3,54.4,0.1,0.3,27.8,0.1,0.4,38.9,0.1,0.2,30.0,0.2,0.6,33.3,0.2,0.9,21.6
Dorell Wright,POR,28,0.3,0.5,61.1,0.1,0.3,29.4,0.2,0.6,36.6,0.5,1.2,39.7,0.1,0.5,29.2,0.6,1.7,35.3,0.5,1.6,31.1
Doron Lamb,ORL,22,0.1,0.3,30.8,0.2,0.5,41.7,0.3,0.6,39.4,0.3,0.5,56.3,0.1,0.3,30.0,0.4,0.8,50.0,0.5,1.2,38.1
Draymond Green,GSW,24,1.1,1.9,55.8,0.2,0.7,26.2,0.4,0.9,37.7,0.1,0.2,36.8,0.1,0.3,41.2,0.2,0.5,40.0,0.5,1.5,32.5
Drew Gooden,WAS,32,1.4,2.0,72.1,0.1,0.7,18.8,1.6,3.0,52.2,0.0,0.1,50.0,0.1,0.1,50.0,0.1,0.2,50.0,0.2,0.6,38.5
Dwight Buycks,TOR,25,0.5,0.8,63.6,0.0,0.4,0.0,0.2,1.1,20.0,0.2,0.2,100,0.0,0.1,0.0,0.2,0.3,66.7,0.2,1.1,21.4
Dwight Howard,HOU,28,5.2,7.7,68.4,1.3,3.0,43.9,0.1,0.5,14.3,0.0,0.0,0.0,0.0,0.0,100,0.0,0.0,-,0.0,0.0,0.0
Dwyane Wade,MIA,32,3.7,5.4,68.7,1.5,2.7,54.8,2.3,5.4,42.9,0.0,0.1,20.0,0.1,0.1,100,0.1,0.2,50.0,0.1,0.4,17.4
E'Twaun Moore,ORL,25,0.8,1.3,57.5,0.5,1.2,40.7,0.5,1.2,40.8,0.1,0.4,26.9,0.1,0.2,46.2,0.2,0.6,33.3,0.6,1.5,36.1
Earl Clark,NYK,26,0.5,0.9,54.2,0.1,0.3,38.9,0.4,1.4,31.5,0.1,0.4,22.2,0.1,0.4,27.8,0.2,0.8,25.0,0.6,1.6,37.6
Earl Watson,POR,35,0.0,0.0,0.0,0.0,0.1,0.0,0.0,0.1,33.3,0.1,0.2,50.0,0.0,0.2,0.0,0.1,0.4,25.0,0.0,0.1,33.3
Ed Davis,MEM,25,1.7,2.6,64.8,0.5,1.2,40.8,0.3,0.8,36.5,0.0,0.0,0.0,0.0,0.0,0.0,0.0,0.0,-,0.0,0.0,0.0
Ekpe Udoh,MIL,27,0.6,1.4,46.6,0.4,1.1,33.3,0.3,0.9,37.8,0.0,0.0,0.0,0.0,0.0,0.0,0.0,0.0,-,0.0,0.0,0.0
Elias Harris,LAL,24,0.0,0.5,0.0,0.0,0.0,0.0,0.0,0.0,0.0,0.0,0.0,0.0,0.0,0.0,0.0,0.0,0.0,-,0.0,0.0,0.0
Elliot Williams,PHI,25,1.3,2.2,57.8,0.1,0.4,17.2,0.2,0.5,36.1,0.1,0.4,23.8,0.0,0.1,0.0,0.1,0.5,20.0,0.5,1.5,32.3
Elton Brand,ATL,35,0.9,1.3,70.7,0.6,1.4,45.6,0.9,1.8,49.6,0.0,0.0,0.0,0.0,0.0,0.0,0.0,0.0,-,0.0,0.0,0.0
Enes Kanter,UTA,22,2.9,4.6,62.4,1.1,2.9,39.7,1.2,3.2,38.7,0.0,0.0,0.0,0.0,0.0,0.0,0.0,0.0,-,0.0,0.0,0.0
Eric Bledsoe,PHX,24,3.1,4.9,64.1,0.7,1.8,35.4,1.2,3.0,41.4,0.0,0.1,20.0,0.1,0.1,83.3,0.1,0.2,50.0,1.0,3.0,34.1
Eric Gordon,NOP,25,2.5,4.6,55.5,0.4,1.5,25.3,1.1,2.6,40.5,0.1,0.3,33.3,0.0,0.3,15.8,0.1,0.6,16.7,1.4,3.4,42.1
Eric Maynor,PHI,27,0.2,0.4,45.5,0.3,0.9,29.6,0.2,0.8,26.9,0.1,0.1,100,0.0,0.0,0.0,0.1,0.1,100,0.4,1.1,32.4
Erik Murphy,CHI,23,0.1,0.1,100,0.1,0.3,25.0,0.1,0.3,20.0,0.0,0.0,0.0,0.0,0.3,0.0,0.0,0.3,0.0,0.0,0.1,0.0
Ersan Ilyasova,MIL,27,1.8,3.3,53.8,0.3,0.9,32.7,1.5,3.9,39.5,0.0,0.1,16.7,0.0,0.2,22.2,0.0,0.3,0.0,0.6,2.1,29.3
Evan Fournier,DEN,21,1.2,2.1,58.6,0.3,1.1,25.9,0.3,0.9,37.7,0.3,0.6,45.7,0.2,0.5,41.2,0.5,1.1,45.5,0.8,2.2,35.3
Evan Turner,IND,25,2.0,3.6,56.4,0.9,2.5,37.7,1.8,4.7,38.7,0.2,0.5,43.2,0.2,0.5,32.4,0.4,1.0,40.0,0.3,1.0,27.2
Francisco Garcia,HOU,32,0.7,1.0,63.2,0.1,0.3,37.5,0.1,0.5,25.0,0.1,0.6,25.0,0.4,0.8,54.1,0.5,1.4,35.7,0.7,2.3,32.3
Gal Mekel,DAL,26,0.4,0.9,50.0,0.2,0.8,27.3,0.2,0.6,33.3,0.1,0.2,25.0,0.0,0.1,33.3,0.1,0.3,33.3,0.1,0.4,23.1
Garrett Temple,WAS,28,0.3,0.5,54.1,0.1,0.2,41.7,0.3,1.0,31.7,0.1,0.1,40.0,0.0,0.3,0.0,0.1,0.4,25.0,0.1,0.3,23.5
Gary Neal,CHA,29,0.5,0.9,55.6,0.5,1.2,44.4,1.4,3.5,39.6,0.1,0.2,55.6,0.1,0.4,29.4,0.2,0.6,33.3,1.1,3.0,37.4
George Hill,IND,28,1.2,1.8,67.4,0.5,1.0,50.0,0.6,1.9,33.3,0.1,0.4,33.3,0.1,0.3,33.3,0.2,0.7,28.6,1.0,2.7,37.7
Gerald Green,PHX,28,1.2,1.9,66.0,0.5,0.9,52.9,1.3,3.3,38.8,0.5,0.9,53.4,0.3,0.9,39.7,0.8,1.8,44.4,1.7,4.5,37.4
Gerald Henderson,CHA,26,1.6,2.6,59.3,0.5,1.4,38.5,2.6,6.5,39.8,0.1,0.2,46.2,0.1,0.3,40.0,0.2,0.5,40.0,0.3,1.0,32.9
Gerald Wallace,BOS,31,1.5,2.3,62.5,0.1,0.3,37.5,0.1,0.2,42.9,0.1,0.1,57.1,0.1,0.2,58.3,0.2,0.3,66.7,0.1,0.8,18.2
Giannis Antetokounmpo,MIL,19,1.5,2.7,55.0,0.1,0.4,17.6,0.1,0.7,18.2,0.0,0.1,0.0,0.0,0.1,12.5,0.0,0.2,0.0,0.5,1.3,40.0
Gigi Datome,DET,26,0.3,0.5,71.4,0.0,0.1,50.0,0.5,1.4,38.1,0.1,0.4,20.0,0.0,0.2,0.0,0.1,0.6,16.7,0.2,1.1,19.4
Glen Davis,LAC,28,1.6,2.7,58.7,0.6,1.7,36.9,1.7,4.2,41.1,0.0,0.0,100,0.0,0.0,0.0,0.0,0.0,-,0.0,0.1,33.3
Glen Rice,WAS,23,0.6,1.0,62.5,0.1,0.4,33.3,0.0,1.1,0.0,0.2,0.2,100,0.0,0.2,0.0,0.2,0.4,50.0,0.4,1.3,28.6
Goran Dragic,PHX,28,3.6,5.4,67.6,0.6,1.8,33.1,1.4,3.3,43.4,0.2,0.4,60.0,0.2,0.4,43.3,0.4,0.8,50.0,1.2,3.1,38.1
Gordon Hayward,UTA,24,1.8,3.1,58.3,0.5,1.7,29.8,2.1,4.9,42.5,0.1,0.5,16.7,0.2,0.5,37.1,0.3,1.0,30.0,0.9,2.7,31.6
Gorgui Dieng,MIN,24,1.3,2.3,58.6,0.3,0.9,36.0,0.3,0.7,37.2,0.0,0.0,0.0,0.0,0.0,0.0,0.0,0.0,-,0.0,0.0,100
Greg Monroe,DET,24,4.4,7.4,58.8,1.1,2.9,38.9,0.6,2.0,31.9,0.0,0.0,0.0,0.0,0.0,0.0,0.0,0.0,-,0.0,0.0,0.0
Greg Oden,MIA,26,1.0,1.5,68.6,0.1,0.5,27.3,0.0,0.1,0.0,0.0,0.0,0.0,0.0,0.0,0.0,0.0,0.0,-,0.0,0.0,0.0
Greg Smith,HOU,23,1.6,2.3,69.6,0.2,0.5,40.0,0.0,0.0,0.0,0.0,0.0,0.0,0.0,0.0,0.0,0.0,0.0,-,0.0,0.0,0.0
Greg Stiemsma,NOP,28,1.0,1.5,65.5,0.1,0.3,53.3,0.1,0.4,31.8,0.0,0.0,0.0,0.0,0.0,0.0,0.0,0.0,-,0.0,0.0,0.0
Greivis Vasquez,TOR,27,0.6,1.1,56.0,0.8,2.2,37.4,0.7,1.4,50.5,0.0,0.2,27.3,0.1,0.4,32.1,0.1,0.6,16.7,1.2,3.1,39.4
Gustavo Ayon,ATL,29,1.5,3.0,50.6,0.3,0.5,53.8,0.2,0.5,50.0,0.0,0.0,0.0,0.0,0.0,0.0,0.0,0.0,-,0.0,0.0,0.0
Hamady Ndiaye,SAC,27,0.2,0.7,33.3,0.1,0.1,100,0.0,0.2,0.0,0.0,0.0,0.0,0.0,0.0,0.0,0.0,0.0,-,0.0,0.0,0.0
Harrison Barnes,GSW,22,1.3,2.3,55.3,0.7,2.1,35.6,0.6,1.9,32.7,0.2,0.6,34.9,0.2,0.5,36.4,0.4,1.1,36.4,0.5,1.5,34.2
Hasheem Thabeet,OKC,27,0.3,0.5,63.6,0.1,0.1,66.7,0.2,0.4,44.4,0.0,0.0,0.0,0.0,0.0,0.0,0.0,0.0,-,0.0,0.0,0.0
Hedo Turkoglu,LAC,35,0.2,0.6,40.9,0.1,0.2,25.0,0.2,0.8,31.0,0.0,0.2,25.0,0.1,0.2,50.0,0.1,0.4,25.0,0.5,1.1,45.0
Henry Sims,PHI,24,1.7,3.2,52.3,0.5,1.1,47.8,0.9,2.2,41.2,0.0,0.0,0.0,0.0,0.0,0.0,0.0,0.0,-,0.0,0.0,0.0
Hilton Armstrong,GSW,29,0.6,0.9,70.0,0.0,0.2,0.0,0.2,0.6,28.6,0.0,0.0,0.0,0.0,0.0,0.0,0.0,0.0,-,0.0,0.0,0.0
Hollis Thompson,PHI,23,0.9,1.6,60.3,0.1,0.3,19.2,0.3,0.8,44.8,0.2,0.5,38.7,0.2,0.3,60.0,0.4,0.8,50.0,0.6,1.5,37.4
Ian Clark,UTA,23,0.3,0.6,42.9,0.2,0.5,50.0,0.2,0.5,33.3,0.1,0.2,50.0,0.2,0.7,28.6,0.3,0.9,33.3,0.4,1.0,36.4
Ian Mahinmi,IND,27,1.0,1.8,54.0,0.1,0.2,38.9,0.1,0.4,30.3,0.0,0.0,0.0,0.0,0.0,0.0,0.0,0.0,-,0.0,0.0,0.0
Iman Shumpert,NYK,24,0.7,1.4,52.9,0.1,0.4,21.9,0.6,1.6,37.7,0.2,0.7,35.4,0.3,0.8,41.5,0.5,1.5,33.3,0.5,1.7,29.4
Isaiah Canaan,HOU,23,0.5,1.0,45.5,0.0,0.2,0.0,0.1,0.3,42.9,0.2,0.6,33.3,0.2,0.5,42.9,0.4,1.1,36.4,0.6,1.9,30.8
Isaiah Thomas,SAC,25,2.2,3.5,62.4,1.3,3.1,42.2,1.6,3.6,45.9,0.1,0.3,38.9,0.0,0.2,16.7,0.1,0.5,20.0,1.6,4.6,35.3
Ish Smith,PHX,25,1.1,1.9,56.1,0.3,0.9,30.2,0.4,0.9,39.7,0.0,0.0,0.0,0.0,0.1,0.0,0.0,0.1,0.0,0.0,0.2,6.7
J.J. Barea,MIN,30,1.3,2.7,49.1,0.4,1.0,34.1,0.6,1.6,37.0,0.1,0.3,42.1,0.0,0.0,33.3,0.1,0.3,33.3,0.8,2.6,30.6
JJ Hickson,DEN,25,3.4,5.2,65.5,0.8,2.4,34.9,0.6,1.8,32.5,0.0,0.0,0.0,0.0,0.0,0.0,0.0,0.0,-,0.0,0.1,0.0
JJ Redick,LAC,30,0.9,1.3,68.1,0.2,0.8,28.6,1.9,3.9,49.3,0.5,0.9,53.3,0.3,0.7,43.5,0.8,1.6,50.0,1.3,3.8,35.6
JR Smith,NYK,28,1.0,1.7,58.4,0.3,0.9,39.7,1.5,3.9,38.0,0.3,0.6,42.6,0.1,0.2,46.7,0.4,0.8,50.0,2.2,5.5,39.7
JaVale McGee,DEN,26,2.6,4.6,56.5,0.6,1.8,33.3,0.2,1.2,16.7,0.0,0.0,0.0,0.0,0.0,0.0,0.0,0.0,-,0.0,0.0,0.0
Jae Crowder,DAL,23,0.7,1.1,67.5,0.1,0.2,46.7,0.3,0.6,38.8,0.2,0.4,41.4,0.2,0.5,42.9,0.4,0.9,44.4,0.3,1.1,26.4
Jamaal Franklin,MEM,22,0.3,0.6,58.3,0.0,0.1,0.0,0.2,0.7,28.6,0.1,0.1,100,0.1,0.1,100,0.2,0.2,100,0.2,0.5,33.3
Jamaal Tinsley,UTA,36,0.1,0.1,100,0.1,0.4,33.3,0.1,0.1,100,0.0,0.2,0.0,0.0,0.1,0.0,0.0,0.3,0.0,0.1,1.6,7.7
Jamal Crawford,LAC,34,1.1,2.0,58.5,0.7,1.8,35.7,2.0,4.4,44.7,0.4,0.9,41.0,0.2,0.5,33.3,0.6,1.4,42.9,1.8,5.0,35.6
Jameer Nelson,ORL,32,1.3,2.3,57.6,0.4,1.1,38.4,0.6,1.8,31.2,0.1,0.4,16.7,0.1,0.2,45.5,0.2,0.6,33.3,1.9,5.2,35.5
James Anderson,PHI,25,1.9,3.1,61.2,0.3,0.7,43.4,0.3,0.9,30.9,0.1,0.5,28.9,0.3,0.8,33.9,0.4,1.3,30.8,1.1,3.1,33.5
James Harden,HOU,24,3.1,5.0,61.4,0.8,1.8,42.3,1.2,3.1,40.6,0.1,0.2,46.7,0.1,0.2,27.8,0.2,0.4,50.0,2.3,6.2,36.7
James Johnson,MEM,27,1.8,3.0,58.6,0.3,0.6,50.0,0.3,0.6,40.6,0.1,0.4,33.3,0.1,0.2,37.5,0.2,0.6,33.3,0.3,1.2,22.2
James Jones,MIA,33,0.1,0.2,50.0,0.0,0.0,0.0,0.1,0.6,10.0,0.5,0.9,54.5,0.9,1.3,70.0,1.4,2.2,63.6,0.4,1.2,34.8
James Nunnally,PHI,23,0.5,0.7,66.7,0.0,0.2,0.0,0.1,0.7,11.1,0.3,0.6,42.9,0.1,0.4,25.0,0.4,1.0,40.0,0.3,1.1,28.6
James Southerland,NOP,24,0.3,0.3,100,0.0,0.3,0.0,0.3,1.8,14.3,0.3,0.3,100,0.0,0.5,0.0,0.3,0.8,37.5,0.5,0.8,66.7
Jan Vesely,DEN,24,1.4,2.3,59.5,0.3,0.7,38.9,0.1,0.3,18.8,0.0,0.0,0.0,0.0,0.0,0.0,0.0,0.0,-,0.0,0.0,0.0
Jannero Pargo,CHA,34,0.0,0.2,0.0,0.1,0.1,100,1.0,1.9,51.0,0.1,0.2,33.3,0.3,0.4,71.4,0.4,0.6,66.7,0.7,1.9,36.7
Jared Cunningham,SAC,23,0.2,0.5,40.0,0.1,0.3,33.3,0.2,0.5,33.3,0.0,0.3,0.0,0.0,0.0,0.0,0.0,0.3,0.0,0.1,0.5,20.0
Jared Dudley,LAC,28,0.4,0.7,60.8,0.2,0.4,46.2,1.0,2.0,49.7,0.1,0.3,39.1,0.4,1.0,44.6,0.5,1.3,38.5,0.6,1.9,31.6
Jared Sullinger,BOS,22,2.5,4.3,58.4,0.9,2.5,36.2,1.0,2.5,40.3,0.1,0.2,26.7,0.0,0.1,33.3,0.1,0.3,33.3,0.7,2.5,27.2
Jarrett Jack,CLE,30,0.5,0.9,58.6,0.7,1.6,45.0,1.5,3.9,39.4,0.2,0.4,41.9,0.1,0.4,40.7,0.3,0.8,37.5,0.5,1.5,32.0
Jarvis Varnado,PHI,26,0.9,1.3,68.8,0.1,0.3,25.0,0.5,0.8,60.0,0.0,0.0,0.0,0.0,0.0,0.0,0.0,0.0,-,0.0,0.0,0.0
Jason Collins,BKN,35,0.3,0.5,60.0,0.1,0.2,66.7,0.2,0.4,37.5,0.0,0.1,0.0,0.0,0.1,0.0,0.0,0.2,0.0,0.0,0.0,0.0
Jason Maxiell,ORL,31,0.4,0.9,48.3,0.6,1.1,52.8,0.4,1.2,35.0,0.0,0.0,0.0,0.0,0.0,0.0,0.0,0.0,-,0.0,0.0,0.0
Jason Smith,NOP,28,0.9,1.6,52.9,0.3,0.7,45.5,3.0,6.7,45.0,0.0,0.0,0.0,0.0,0.0,0.0,0.0,0.0,-,0.0,0.0,0.0
Jason Terry,BKN,36,0.1,0.3,44.4,0.1,0.3,20.0,0.3,0.9,33.3,0.1,0.4,33.3,0.4,0.8,47.8,0.5,1.2,41.7,0.7,2.0,35.8
Jason Thompson,SAC,27,1.5,2.4,65.5,0.9,2.0,45.3,0.6,1.7,36.2,0.0,0.0,0.0,0.0,0.0,0.0,0.0,0.0,-,0.0,0.0,0.0
Jeff Adrien,MIL,28,2.0,3.3,59.2,0.4,0.9,42.2,0.4,1.1,37.5,0.0,0.0,0.0,0.0,0.0,0.0,0.0,0.0,-,0.0,0.0,0.0
Jeff Ayres,SAS,27,1.2,1.7,70.0,0.1,0.3,31.6,0.2,0.5,31.4,0.0,0.0,0.0,0.0,0.0,0.0,0.0,0.0,-,0.0,0.0,0.0
Jeff Green,BOS,27,2.5,3.9,62.5,0.6,1.8,33.1,1.2,3.7,31.6,0.2,0.6,34.8,0.4,0.9,42.2,0.6,1.5,40.0,1.1,3.4,32.7
Jeff Teague,ATL,26,2.7,4.7,56.5,1.3,3.3,38.9,0.9,2.3,38.3,0.1,0.2,53.8,0.1,0.2,30.8,0.2,0.4,50.0,0.8,2.5,32.1
Jeff Withey,NOP,24,0.9,1.7,53.2,0.2,0.4,52.6,0.2,0.3,60.0,0.0,0.0,0.0,0.0,0.0,0.0,0.0,0.0,-,0.0,0.0,0.0
Jeffery Taylor,CHA,25,2.0,3.4,59.3,0.1,0.7,17.6,0.4,1.9,20.8,0.3,1.1,30.8,0.2,0.5,50.0,0.5,1.6,31.3,0.2,1.2,17.2
Jeremy Evans,UTA,26,1.7,2.5,68.1,0.3,0.7,48.8,0.6,1.9,33.9,0.0,0.0,0.0,0.0,0.0,0.0,0.0,0.0,-,0.0,0.0,0.0
Jeremy Lamb,OKC,22,1.1,1.6,63.8,0.4,1.1,38.3,0.8,2.0,40.9,0.2,0.7,31.8,0.1,0.4,37.5,0.3,1.1,27.3,0.8,2.3,36.9
Jeremy Lin,HOU,25,2.0,3.2,62.4,0.4,1.4,29.7,0.6,1.5,39.6,0.1,0.2,43.8,0.2,0.4,40.7,0.3,0.6,50.0,0.9,2.6,34.4
Jeremy Tyler,NYK,23,1.0,1.6,60.3,0.2,0.5,35.3,0.4,1.0,44.4,0.0,0.0,0.0,0.0,0.0,0.0,0.0,0.0,-,0.0,0.0,0.0
Jermaine O'Neal,GSW,35,1.7,2.6,64.7,0.8,2.1,39.6,0.3,0.9,34.1,0.0,0.0,0.0,0.0,0.0,0.0,0.0,0.0,-,0.0,0.0,0.0
Jerryd Bayless,BOS,25,0.7,1.3,52.1,0.3,0.9,36.4,1.4,3.4,40.3,0.2,0.5,38.2,0.2,0.4,44.4,0.4,0.9,44.4,0.7,2.1,33.8
Jimmer Fredette,CHI,25,0.4,0.6,72.4,0.3,0.8,30.8,0.7,1.6,45.3,0.1,0.1,75.0,0.2,0.2,100,0.3,0.3,100,0.7,1.5,43.2
Jimmy Butler,CHI,24,2.0,3.4,57.0,0.1,0.6,24.3,1.0,2.8,36.0,0.2,0.5,44.1,0.2,0.6,42.1,0.4,1.1,36.4,0.6,2.4,22.6
Joakim Noah,CHI,29,3.2,5.8,55.5,0.7,1.9,35.7,0.9,2.3,37.7,0.0,0.0,0.0,0.0,0.0,0.0,0.0,0.0,-,0.0,0.0,0.0
Jodie Meeks,LAL,26,2.5,3.9,63.5,0.3,1.0,34.2,0.5,1.5,31.9,0.3,0.8,44.6,0.2,0.5,35.0,0.5,1.3,38.5,1.6,4.0,40.1
Joe Johnson,BKN,33,0.8,1.2,66.3,1.7,3.4,49.4,1.3,3.1,41.2,0.5,1.1,47.1,0.5,1.1,42.2,1.0,2.2,45.5,1.1,2.9,37.4
Joel Anthony,BOS,31,0.2,0.5,38.5,0.1,0.3,44.4,0.1,0.4,30.0,0.0,0.0,0.0,0.0,0.0,0.0,0.0,0.0,-,0.0,0.0,0.0
Joel Freeland,POR,27,0.8,1.4,57.3,0.1,0.5,28.0,0.5,1.2,45.0,0.0,0.0,0.0,0.0,0.0,0.0,0.0,0.0,-,0.0,0.0,0.0
John Henson,MIL,23,3.1,4.7,66.2,1.4,3.1,45.0,0.4,1.3,30.3,0.0,0.0,0.0,0.0,0.0,0.0,0.0,0.0,-,0.0,0.0,0.0
John Jenkins,ATL,23,0.7,1.3,50.0,0.0,0.2,0.0,0.3,0.5,66.7,0.0,0.4,0.0,0.0,0.0,0.0,0.0,0.4,0.0,0.3,1.2,28.6
John Lucas III,UTA,31,0.3,0.5,54.5,0.1,0.7,17.9,0.5,1.3,35.7,0.1,0.5,26.7,0.2,0.5,40.0,0.3,1.0,30.0,0.4,1.4,27.8
John Salmons,TOR,34,0.3,0.7,41.1,0.2,0.6,25.0,0.7,1.9,35.6,0.2,0.5,40.5,0.2,0.5,50.0,0.4,1.0,40.0,0.4,1.2,34.4
John Wall,WAS,23,3.0,4.7,64.4,0.4,1.5,26.7,2.4,6.4,36.6,0.1,0.3,42.9,0.1,0.3,19.0,0.2,0.6,33.3,1.2,3.2,35.8
Jon Leuer,MEM,25,0.9,1.4,62.7,0.5,1.0,53.3,0.7,1.8,37.6,0.0,0.0,0.0,0.0,0.1,0.0,0.0,0.1,0.0,0.5,1.0,50.0
Jonas Jerebko,DET,27,0.8,1.2,61.8,0.1,0.4,29.2,0.2,0.5,38.2,0.2,0.3,58.3,0.2,0.3,80.0,0.4,0.6,66.7,0.3,0.8,31.4
Jonas Valanciunas,TOR,22,2.6,4.2,62.8,1.2,2.3,51.4,0.6,1.8,33.6,0.0,0.0,0.0,0.0,0.0,0.0,0.0,0.0,-,0.0,0.0,0.0
Jordan Crawford,GSW,25,0.9,1.5,56.0,0.9,1.9,47.1,1.2,2.8,42.2,0.1,0.3,38.1,0.1,0.3,43.8,0.2,0.6,33.3,0.9,3.0,30.6
Jordan Farmar,LAL,27,1.0,2.1,44.3,0.2,0.6,34.8,0.9,2.3,36.6,0.3,0.6,50.0,0.2,0.3,66.7,0.5,0.9,55.6,1.3,3.1,40.0
Jordan Hamilton,HOU,23,0.6,1.3,50.7,0.4,1.0,42.1,0.3,0.8,32.6,0.3,0.5,54.2,0.3,0.6,42.9,0.6,1.1,54.5,0.8,2.4,30.8
Jordan Hill,LAL,26,2.3,3.5,67.3,1.0,2.3,44.0,0.6,1.4,42.7,0.0,0.0,0.0,0.0,0.0,0.0,0.0,0.0,-,0.0,0.0,0.0
Jorge Gutierrez,BKN,25,0.9,1.5,63.6,0.1,0.3,20.0,0.5,1.0,46.7,0.0,0.2,0.0,0.1,0.5,16.7,0.1,0.7,14.3,0.1,0.3,50.0
Jose Calderon,DAL,32,0.6,0.9,64.8,0.1,0.3,27.3,1.2,2.9,42.6,0.4,0.7,50.0,0.2,0.3,56.5,0.6,1.0,60.0,1.9,4.3,43.6
Josh Childress,NOP,31,0.0,0.0,0.0,0.0,0.0,0.0,0.0,0.0,0.0,0.0,0.0,0.0,0.0,0.0,0.0,0.0,0.0,-,0.0,0.0,0.0
Josh Harrellson,DET,25,0.6,1.2,55.6,0.1,0.1,50.0,0.1,0.3,36.4,0.0,0.1,0.0,0.0,0.0,0.0,0.0,0.1,0.0,0.4,1.0,40.0
Josh McRoberts,CHA,27,1.2,2.0,60.8,0.3,0.6,47.7,0.4,1.0,35.9,0.0,0.2,16.7,0.1,0.1,57.1,0.1,0.3,33.3,1.3,3.4,36.8
Josh Powell,HOU,31,0.0,1.0,0.0,0.0,0.0,0.0,2.0,5.0,40.0,0.0,0.0,0.0,0.0,0.0,0.0,0.0,0.0,-,0.0,0.0,0.0
Josh Smith,DET,28,3.0,4.5,66.8,1.2,3.4,34.2,1.6,4.7,34.8,0.1,0.3,21.1,0.1,0.3,30.4,0.2,0.6,33.3,0.8,2.9,26.5
Jrue Holiday,NOP,24,2.2,3.9,55.2,0.9,2.7,34.8,2.0,4.4,44.4,0.1,0.3,36.4,0.0,0.1,33.3,0.1,0.4,25.0,0.7,1.9,39.7
Julyan Stone,TOR,25,0.2,0.3,60.0,0.2,0.3,50.0,0.0,0.0,0.0,0.0,0.1,0.0,0.0,0.1,0.0,0.0,0.2,0.0,0.1,0.3,40.0
Justin Hamilton,MIA,24,0.4,0.7,60.0,0.3,0.3,100,0.1,0.6,25.0,0.0,0.2,0.0,0.0,0.0,0.0,0.0,0.2,0.0,0.4,1.0,37.5
Kawhi Leonard,SAS,23,2.3,3.3,68.7,0.6,1.1,55.6,1.2,2.6,45.4,0.3,0.8,37.0,0.2,0.6,38.2,0.5,1.4,35.7,0.6,1.5,38.2
Keith Bogans,BOS,34,0.0,0.0,0.0,0.0,0.0,0.0,0.0,0.0,0.0,0.3,1.0,25.0,0.0,0.0,0.0,0.3,1.0,30.0,0.3,0.3,100
Kelly Olynyk,BOS,23,2.0,3.1,63.4,0.2,0.8,24.6,0.6,1.6,37.4,0.0,0.1,16.7,0.1,0.1,60.0,0.1,0.2,50.0,0.5,1.5,35.0
Kemba Walker,CHA,24,1.8,3.8,48.9,0.7,1.8,40.5,2.1,5.6,37.2,0.1,0.2,53.8,0.0,0.1,0.0,0.1,0.3,33.3,1.4,4.0,34.6
Kendall Marshall,LAL,22,1.1,2.0,52.8,0.2,0.7,31.4,0.6,1.8,31.6,0.0,0.1,20.0,0.0,0.0,100,0.0,0.1,0.0,1.3,3.2,39.8
Kendrick Perkins,OKC,29,0.7,1.5,46.9,0.5,1.0,43.1,0.2,0.5,45.2,0.0,0.0,0.0,0.0,0.0,0.0,0.0,0.0,-,0.0,0.0,0.0
Kenneth Faried,DEN,24,4.0,6.0,65.6,1.2,2.9,42.7,0.4,1.3,30.4,0.0,0.0,0.0,0.0,0.0,0.0,0.0,0.0,-,0.0,0.0,0.0
Kent Bazemore,LAL,24,1.1,1.9,58.7,0.1,0.4,29.2,0.4,1.2,37.1,0.1,0.2,50.0,0.2,0.5,37.5,0.3,0.7,42.9,0.5,1.6,32.7
Kentavious Caldwell-Pope,DET,21,1.0,1.7,57.4,0.1,0.4,33.3,0.4,1.4,32.1,0.2,0.5,40.0,0.2,0.5,37.5,0.4,1.0,40.0,0.4,1.4,28.1
Kenyon Martin,NYK,36,1.5,2.2,66.2,0.2,0.7,23.8,0.3,0.9,36.7,0.0,0.0,0.0,0.0,0.0,0.0,0.0,0.0,-,0.0,0.0,0.0
Kevin Durant,OKC,25,4.0,5.1,77.5,1.4,3.4,40.4,2.8,6.3,44.4,0.0,0.1,50.0,0.1,0.2,36.8,0.1,0.3,33.3,2.2,5.7,39.1
Kevin Garnett,BKN,38,0.7,1.3,55.7,0.4,1.1,39.7,1.8,4.2,42.2,0.0,0.0,0.0,0.0,0.0,0.0,0.0,0.0,-,0.0,0.0,0.0
Kevin Love,MIN,25,3.4,5.1,65.2,1.0,2.6,38.1,1.6,4.2,39.3,0.2,0.5,38.5,0.1,0.1,44.4,0.3,0.6,50.0,2.2,5.9,37.8
Kevin Martin,MIN,31,2.0,3.3,60.6,0.9,2.0,42.0,1.9,5.3,35.9,0.3,1.0,36.5,0.0,0.1,42.9,0.3,1.1,27.3,1.3,3.3,38.9
Kevin Seraphin,WAS,24,0.9,1.4,63.5,0.8,1.7,47.6,0.5,1.2,38.7,0.0,0.0,0.0,0.0,0.0,0.0,0.0,0.0,-,0.0,0.0,0.0
Khris Middleton,MIL,22,1.1,2.0,53.4,0.3,1.0,32.1,1.7,3.9,44.7,0.3,0.7,44.8,0.2,0.6,35.0,0.5,1.3,38.5,1.0,2.3,42.1
Kirk Hinrich,CHI,33,0.7,1.3,49.0,0.3,0.8,35.6,1.2,3.0,40.5,0.3,0.5,47.2,0.1,0.4,36.0,0.4,0.9,44.4,0.8,2.5,32.8
Klay Thompson,GSW,24,1.4,2.3,60.4,0.8,1.9,39.7,2.0,4.7,42.3,0.6,1.3,43.6,0.4,0.9,47.1,1.0,2.2,45.5,1.8,4.5,40.5
Kobe Bryant,LAL,35,1.5,2.0,75.0,1.2,2.8,41.2,2.0,4.7,42.9,0.0,0.0,0.0,0.0,0.3,0.0,0.0,0.3,0.0,0.5,2.3,21.4
Kosta Koufos,MEM,25,1.8,3.0,58.0,0.9,2.1,41.3,0.2,0.6,34.7,0.0,0.0,0.0,0.0,0.0,0.0,0.0,0.0,-,0.0,0.0,0.0
Kris Humphries,BOS,29,1.2,2.0,61.4,0.4,0.9,46.0,1.7,3.7,45.3,0.0,0.0,0.0,0.0,0.0,0.0,0.0,0.0,-,0.0,0.0,0.0
Kyle Korver,ATL,33,0.1,0.2,58.8,0.2,0.4,44.0,1.2,2.5,47.4,0.5,1.0,53.6,0.5,0.9,51.6,1.0,1.9,52.6,1.6,3.7,44.4
Kyle Lowry,TOR,28,1.9,3.2,59.4,0.7,1.8,38.3,0.8,2.3,33.3,0.2,0.5,40.5,0.1,0.3,27.3,0.3,0.8,37.5,2.1,5.6,38.3
Kyle O'Quinn,ORL,24,1.3,2.1,63.4,0.3,0.7,44.9,1.1,2.6,41.8,0.0,0.0,0.0,0.0,0.0,0.0,0.0,0.0,-,0.0,0.0,0.0
Kyle Singler,DET,26,1.3,2.2,60.6,0.4,0.9,41.7,0.4,1.3,34.6,0.4,0.9,45.2,0.4,0.8,53.8,0.8,1.7,47.1,0.3,1.3,25.0
Kyrie Irving,CLE,22,2.5,4.4,56.9,0.8,1.9,41.0,2.5,6.3,39.5,0.2,0.4,43.3,0.1,0.4,23.3,0.3,0.8,37.5,1.5,4.0,36.5
LaMarcus Aldridge,POR,28,2.8,4.4,64.3,1.1,3.0,36.3,5.5,13.0,42.2,0.0,0.0,0.0,0.0,0.0,0.0,0.0,0.0,-,0.0,0.2,23.1
Lance Stephenson,IND,23,3.2,4.7,67.4,0.5,1.3,38.5,0.7,2.0,34.4,0.0,0.2,27.3,0.3,0.5,56.8,0.3,0.7,42.9,0.8,2.5,32.3
Lance Thomas,NOP,26,0.2,1.0,20.0,0.2,0.6,33.3,0.0,0.2,0.0,0.0,0.0,0.0,0.0,0.0,0.0,0.0,0.0,-,0.0,0.0,0.0
Landry Fields,TOR,26,0.7,1.4,52.8,0.3,0.7,41.2,0.0,0.3,11.1,0.0,0.1,0.0,0.0,0.0,0.0,0.0,0.1,0.0,0.0,0.1,0.0
Larry Sanders,MIL,25,2.8,5.2,54.6,0.3,1.0,33.3,0.1,0.8,16.7,0.0,0.0,0.0,0.0,0.0,0.0,0.0,0.0,-,0.0,0.0,0.0
Lavoy Allen,IND,25,0.9,1.7,55.6,0.5,1.0,47.7,0.7,1.8,36.0,0.0,0.0,0.0,0.0,0.0,0.0,0.0,0.0,-,0.0,0.2,15.4
LeBron James,MIA,29,5.9,7.5,78.3,0.9,1.8,50.4,1.6,4.2,38.5,0.2,0.3,60.0,0.2,0.3,52.0,0.4,0.6,66.7,1.2,3.4,34.9
Leandro Barbosa,PHX,31,1.9,3.3,57.6,0.2,0.6,25.0,0.4,1.4,28.6,0.0,0.3,0.0,0.0,0.1,0.0,0.0,0.4,0.0,0.4,1.0,36.8
Lorenzo Brown,PHI,23,0.6,1.3,43.3,0.3,0.6,53.8,0.1,0.5,23.1,0.0,0.4,0.0,0.1,0.3,25.0,0.1,0.7,14.3,0.1,0.9,9.5
Lou Amundson,CHI,31,0.8,1.4,55.6,0.1,0.2,25.0,0.0,0.1,0.0,0.0,0.0,0.0,0.0,0.0,0.0,0.0,0.0,-,0.0,0.0,0.0
Lou Williams,ATL,27,0.8,1.3,62.0,0.5,1.1,46.9,0.7,2.0,32.8,0.2,0.8,23.4,0.2,0.4,56.5,0.4,1.2,33.3,0.9,2.6,34.8
Luc Mbah a Moute,MIN,27,1.0,1.8,55.2,0.1,0.2,30.8,0.2,0.7,31.9,0.0,0.0,50.0,0.1,0.3,25.0,0.1,0.3,33.3,0.0,0.0,0.0
Luis Scola,IND,34,1.1,1.9,56.7,0.4,0.9,40.8,1.8,4.0,44.3,0.0,0.0,0.0,0.0,0.0,33.3,0.0,0.0,-,0.0,0.0,0.0
Luke Babbitt,NOP,25,0.2,0.4,50.0,0.3,0.9,37.5,0.3,0.9,39.1,0.1,0.3,50.0,0.1,0.3,42.9,0.2,0.6,33.3,1.1,3.0,36.6
Luke Ridnour,CHA,33,0.3,0.6,47.1,0.2,0.5,38.7,1.0,2.5,39.6,0.1,0.4,36.8,0.2,0.5,47.6,0.3,0.9,33.3,0.3,1.1,29.4
Luol Deng,CLE,29,2.6,4.2,61.2,0.7,2.0,34.4,1.7,4.5,38.9,0.2,0.5,32.3,0.2,0.5,33.3,0.4,1.0,40.0,0.6,2.0,28.6
Maalik Wayns,LAC,23,0.0,0.0,0.0,0.0,0.0,0.0,0.5,1.0,50.0,0.0,0.0,0.0,-,-,-,0.0,0.0,-,0.0,0.0,0.0
Malcolm Thomas,UTA,25,0.9,1.0,85.7,0.0,0.3,0.0,0.0,0.4,0.0,0.0,0.0,0.0,0.0,0.0,0.0,0.0,0.0,-,0.1,0.6,25.0
Manny Harris,LAL,24,1.7,2.9,57.7,0.1,1.0,11.1,0.6,1.7,33.3,0.1,0.3,50.0,0.0,0.1,0.0,0.1,0.4,25.0,0.7,1.9,35.3
Manu Ginobili,SAS,36,2.1,3.0,70.0,0.4,0.9,42.9,0.5,1.5,32.3,0.2,0.4,40.0,0.1,0.3,45.0,0.3,0.7,42.9,1.0,3.1,33.5
MarShon Brooks,LAL,25,0.7,1.2,59.5,0.5,1.1,47.2,0.2,0.9,18.5,0.1,0.1,100,0.1,0.1,50.0,0.2,0.2,100,0.3,0.7,50.0
Marc Gasol,MEM,29,1.9,2.6,71.9,1.8,4.0,45.7,2.0,5.3,37.4,0.0,0.0,0.0,0.0,0.0,0.0,0.0,0.0,-,0.0,0.1,16.7
Marcin Gortat,WAS,30,3.3,4.7,71.1,1.1,2.7,41.8,1.2,3.0,38.8,0.0,0.0,0.0,0.0,0.0,0.0,0.0,0.0,-,0.0,0.0,100
Marco Belinelli,SAS,28,1.2,1.7,69.3,0.3,0.7,44.4,1.2,2.6,43.6,0.3,0.6,44.7,0.3,0.5,46.2,0.6,1.1,54.5,1.1,2.6,42.6
Marcus Morris,PHX,24,0.9,1.4,65.2,0.3,0.9,37.5,1.1,2.5,43.0,0.3,0.7,39.2,0.2,0.7,34.6,0.5,1.4,35.7,0.7,1.9,39.6
Marcus Thornton,BKN,27,1.0,1.8,55.9,0.4,1.1,37.0,0.6,1.6,36.5,0.1,0.4,33.3,0.2,0.5,42.4,0.3,0.9,33.3,1.2,3.6,33.6
Mario Chalmers,MIA,28,1.7,3.0,56.2,0.4,1.0,39.2,0.2,0.6,36.6,0.3,0.4,60.0,0.3,0.7,45.8,0.6,1.1,54.5,0.6,2.0,32.0
Markieff Morris,PHX,24,2.2,3.3,64.8,0.7,1.7,40.7,1.8,4.0,44.3,0.1,0.1,50.0,0.0,0.1,0.0,0.1,0.2,50.0,0.4,1.1,33.3
Marquis Teague,BKN,21,0.6,1.4,44.4,0.1,0.6,15.0,0.2,0.8,22.2,0.0,0.0,0.0,0.0,0.0,0.0,0.0,0.0,-,0.1,0.5,27.8
Marreese Speights,GSW,26,1.3,2.2,57.0,0.4,1.0,43.6,0.7,2.1,34.2,0.0,0.0,0.0,0.0,0.0,0.0,0.0,0.0,-,0.1,0.3,29.6
Martell Webster,WAS,27,0.7,1.1,64.8,0.1,0.3,37.0,0.5,1.3,41.0,0.4,1.1,38.5,0.4,0.8,50.9,0.8,1.9,42.1,1.1,3.0,37.8
Marvin Williams,UTA,28,1.3,1.8,71.6,0.3,0.9,33.9,0.7,1.7,37.7,0.2,0.6,36.8,0.1,0.3,29.4,0.3,0.9,33.3,1.0,2.7,37.1
Mason Plumlee,BKN,24,2.7,3.7,73.0,0.1,0.5,30.3,0.0,0.1,0.0,0.0,0.0,0.0,0.0,0.0,0.0,0.0,0.0,-,0.0,0.0,0.0
Matt Barnes,LAC,34,1.7,2.5,66.7,0.2,0.7,35.7,0.2,0.7,32.6,0.2,0.8,25.0,0.4,1.1,39.7,0.6,1.9,31.6,0.9,2.7,34.7
Matt Bonner,SAS,34,0.1,0.1,62.5,0.2,0.6,42.4,0.2,0.4,48.0,0.1,0.2,50.0,0.2,0.3,61.5,0.3,0.5,60.0,0.5,1.3,39.7
Matthew Dellavedova,CLE,23,0.3,0.5,57.6,0.3,0.8,40.7,0.3,0.8,44.4,0.2,0.4,42.9,0.2,0.5,46.4,0.4,0.9,44.4,0.5,1.5,33.7
Maurice Harkless,ORL,21,1.7,3.1,56.5,0.1,0.5,26.3,0.2,0.6,35.6,0.3,0.6,41.9,0.2,0.6,34.2,0.5,1.2,41.7,0.4,0.9,40.0
Melvin Ely,NOP,36,1.0,1.0,100,0.5,1.0,50.0,0.0,1.0,0.0,0.0,0.0,0.0,0.0,0.0,0.0,0.0,0.0,-,0.0,0.0,0.0
Metta World Peace,NYK,34,0.8,1.4,59.5,0.3,0.8,36.4,0.3,1.0,32.1,0.2,0.6,27.3,0.2,0.5,30.0,0.4,1.1,36.4,0.4,1.1,33.3
Meyers Leonard,POR,22,0.5,0.8,59.4,0.2,0.5,50.0,0.3,0.9,37.1,0.0,0.1,0.0,0.0,0.0,0.0,0.0,0.1,0.0,0.0,0.1,0.0
Michael Beasley,MIA,25,1.5,2.2,66.1,0.8,1.4,53.4,0.7,2.1,35.5,0.1,0.1,50.0,0.1,0.3,46.2,0.2,0.4,50.0,0.2,0.6,34.3
Michael Carter-Williams,PHI,22,3.0,5.8,51.7,1.3,3.4,37.4,1.0,2.9,36.0,0.1,0.2,42.9,0.0,0.1,25.0,0.1,0.3,33.3,0.7,2.7,25.4
Michael Kidd-Gilchrist,CHA,20,2.0,3.5,59.1,0.2,0.7,34.1,0.4,1.4,28.4,0.0,0.1,0.0,0.0,0.0,0.0,0.0,0.1,0.0,0.0,0.0,33.3
Mike Conley,MEM,26,2.4,4.2,58.7,1.0,2.6,39.6,1.4,3.3,42.6,0.1,0.4,24.0,0.1,0.4,36.0,0.2,0.8,25.0,1.2,3.2,38.1
Mike Dunleavy,CHI,33,1.1,1.9,57.4,0.2,0.5,37.2,1.3,3.1,41.7,0.1,0.3,45.8,0.1,0.5,29.7,0.2,0.8,25.0,1.2,3.2,38.3
Mike Harris,UTA,31,0.6,0.9,70.6,0.2,0.3,66.7,0.7,1.8,36.1,0.0,0.1,0.0,0.0,0.0,0.0,0.0,0.1,0.0,0.0,0.1,0.0
Mike James,CHI,39,0.0,0.3,0.0,0.3,0.6,50.0,0.1,0.6,14.3,0.0,0.0,0.0,0.0,0.0,0.0,0.0,0.0,-,0.1,0.6,20.0
Mike Miller,MEM,34,0.4,0.6,68.8,0.1,0.4,37.5,0.7,1.6,46.9,0.2,0.3,54.5,0.2,0.5,46.7,0.4,0.8,50.0,1.0,2.2,44.8
Mike Muscala,ATL,22,0.6,1.2,47.8,0.2,0.7,30.8,0.8,1.7,47.1,0.0,0.0,0.0,0.0,0.1,0.0,0.0,0.1,0.0,0.0,0.1,0.0
Mike Scott,ATL,25,1.8,2.5,70.0,0.6,1.3,46.7,0.6,1.5,40.0,0.2,0.4,39.3,0.1,0.3,19.0,0.3,0.7,42.9,0.6,1.9,31.5
Miles Plumlee,PHX,25,2.6,3.9,66.2,0.8,2.1,36.4,0.3,1.0,27.5,0.0,0.0,0.0,0.0,0.0,0.0,0.0,0.0,-,0.0,0.0,0.0
Miroslav Raduljica,MIL,26,1.1,1.9,60.9,0.3,0.6,46.4,0.0,0.2,18.2,0.0,0.0,0.0,0.0,0.0,0.0,0.0,0.0,-,0.0,0.0,0.0
Mirza Teletovic,BKN,28,0.7,1.3,51.6,0.1,0.4,31.3,0.4,0.8,49.1,0.2,0.5,37.9,0.2,0.4,42.9,0.4,0.9,44.4,1.6,4.1,39.1
Mo Williams,POR,31,0.5,1.0,50.6,0.6,1.4,43.7,1.5,3.6,42.3,0.1,0.3,39.1,0.1,0.4,37.0,0.2,0.7,28.6,0.9,2.3,37.0
Monta Ellis,DAL,28,3.3,5.5,60.3,1.0,2.6,37.2,1.9,5.0,38.7,0.3,0.4,58.3,0.1,0.1,41.7,0.4,0.5,80.0,0.5,2.0,26.9
Mustafa Shakur,OKC,29,0.0,0.3,0.0,0.0,0.0,0.0,0.0,0.3,0.0,0.0,0.0,0.0,0.0,0.0,0.0,0.0,0.0,-,0.0,0.3,0.0
Nando De Colo,TOR,27,0.7,1.1,60.4,0.1,0.3,50.0,0.3,0.9,27.5,0.1,0.2,50.0,0.2,0.3,55.6,0.3,0.5,60.0,0.2,0.8,25.7
Nate Robinson,DEN,30,1.4,2.2,65.6,0.2,0.8,25.0,0.8,2.2,35.1,0.3,0.5,58.8,0.3,0.6,45.0,0.6,1.1,54.5,0.9,2.7,33.3
Nate Wolters,MIL,23,1.5,2.6,56.6,0.6,1.4,41.5,0.6,1.6,34.4,0.1,0.2,55.6,0.0,0.0,0.0,0.1,0.2,50.0,0.2,0.9,25.0
Nazr Mohammed,CHI,36,0.4,0.7,55.2,0.1,0.4,35.7,0.2,0.5,30.0,0.0,0.0,0.0,0.0,0.0,0.0,0.0,0.0,-,0.0,0.0,0.0
Nemanja Nedovic,GSW,23,0.1,0.3,28.6,0.0,0.1,33.3,0.1,0.5,18.2,0.0,0.1,0.0,0.1,0.2,50.0,0.1,0.3,33.3,0.1,0.8,13.3
Nene,WAS,31,3.0,4.7,64.5,0.7,2.0,34.3,1.9,4.4,43.3,0.0,0.0,0.0,0.0,0.0,0.0,0.0,0.0,-,0.0,0.1,33.3
Nick Calathes,MEM,25,1.0,1.7,61.9,0.3,0.9,37.1,0.4,1.0,38.6,0.1,0.2,44.4,0.1,0.1,60.0,0.2,0.3,66.7,0.2,0.7,25.5
Nick Collison,OKC,33,1.1,1.8,63.7,0.2,0.3,63.6,0.3,0.7,41.1,0.0,0.1,11.1,0.0,0.1,33.3,0.0,0.2,0.0,0.0,0.0,100
Nick Young,LAL,29,1.6,2.6,61.6,0.6,1.6,37.5,1.8,4.2,41.3,0.3,0.7,40.5,0.5,1.0,46.6,0.8,1.7,47.1,1.4,3.9,36.5
Nicolas Batum,POR,25,1.7,2.3,73.7,0.2,0.5,44.7,1.0,2.3,41.8,0.3,0.6,46.5,0.2,0.8,28.3,0.5,1.4,35.7,1.3,3.6,36.2
Nikola Pekovic,MIN,28,5.1,8.3,61.2,1.5,3.4,45.1,0.4,1.3,31.9,0.0,0.0,0.0,0.0,0.0,0.0,0.0,0.0,-,0.0,0.0,0.0
Nikola Vucevic,ORL,23,3.2,5.2,60.7,1.0,2.5,41.0,2.0,4.5,44.5,0.0,0.0,0.0,0.0,0.0,0.0,0.0,0.0,-,0.0,0.0,0.0
Norris Cole,MIA,25,1.1,2.1,50.9,0.2,0.6,32.6,0.5,1.3,41.1,0.2,0.6,34.0,0.3,0.7,40.4,0.5,1.3,38.5,0.3,0.9,30.7
O.J. Mayo,MIL,26,0.9,1.8,53.3,0.4,1.1,33.9,1.4,3.4,41.1,0.2,0.4,42.9,0.1,0.3,46.2,0.3,0.7,42.9,1.3,3.7,36.3
Ognjen Kuzmic,GSW,24,0.3,0.4,66.7,0.1,0.2,33.3,0.0,0.2,0.0,0.0,0.0,0.0,0.0,0.0,0.0,0.0,0.0,-,0.0,0.0,0.0
Omer Asik,HOU,27,2.0,3.4,58.2,0.0,0.3,14.3,0.1,0.2,27.3,0.0,0.0,0.0,0.0,0.0,0.0,0.0,0.0,-,0.0,0.0,0.0
Omri Casspi,HOU,26,1.0,1.6,59.6,0.4,1.0,42.0,0.2,0.7,29.4,0.1,0.4,29.2,0.1,0.3,43.8,0.2,0.7,28.6,0.7,1.9,34.6
Orlando Johnson,SAC,25,0.4,0.8,45.5,0.1,0.4,28.6,0.2,0.5,42.1,0.0,0.2,25.0,0.2,0.9,20.0,0.2,1.1,18.2,0.1,0.7,17.9
Othyus Jeffers,MIN,28,0.6,0.6,100,0.0,0.0,0.0,0.0,0.2,0.0,0.0,0.3,0.0,0.0,0.3,0.0,0.0,0.6,0.0,0.0,0.0,0.0
Otto Porter Jr.,WAS,21,0.4,0.6,61.9,0.1,0.3,30.0,0.4,1.2,33.3,0.0,0.2,20.0,0.0,0.3,0.0,0.0,0.5,0.0,0.1,0.4,27.3
PJ Tucker,PHX,29,1.5,3.0,51.0,0.5,1.1,40.2,0.4,1.1,33.3,0.4,0.9,47.9,0.4,1.2,35.5,0.8,2.1,38.1,0.1,0.3,26.1
Pablo Prigioni,NYK,37,0.2,0.4,59.3,0.0,0.1,22.2,0.1,0.2,33.3,0.2,0.4,42.9,0.2,0.3,57.1,0.4,0.7,57.1,0.7,1.6,46.2
Patrick Beverley,HOU,25,1.1,2.0,56.1,0.6,1.3,43.8,0.2,0.7,28.2,0.5,1.1,42.4,0.3,1.1,27.9,0.8,2.2,36.4,0.9,2.4,36.6
Patrick Patterson,TOR,25,1.1,1.8,62.9,0.5,1.1,47.9,1.0,2.3,41.7,0.2,0.5,43.3,0.2,0.5,33.3,0.4,1.0,40.0,0.5,1.4,35.2
Patty Mills,SAS,25,0.9,1.3,69.6,0.2,0.5,38.5,1.1,2.6,42.5,0.3,0.7,53.1,0.3,0.7,40.4,0.6,1.4,42.9,1.1,2.7,40.7
Pau Gasol,LAL,33,2.9,4.6,64.1,2.1,4.7,44.1,2.1,5.3,38.6,0.0,0.0,0.0,0.0,0.0,100,0.0,0.0,-,0.1,0.2,23.1
Paul George,IND,24,2.2,3.8,58.2,0.6,1.8,36.4,2.1,5.2,39.9,0.3,0.7,52.0,0.3,0.7,46.3,0.6,1.4,42.9,1.6,4.9,33.6
Paul Millsap,ATL,29,3.4,5.7,60.0,1.1,2.7,43.1,0.9,2.9,31.9,0.1,0.2,43.8,0.1,0.4,30.8,0.2,0.6,33.3,0.8,2.3,35.7
Paul Pierce,BKN,36,1.5,2.5,61.1,0.4,0.9,42.0,0.9,2.1,42.4,0.1,0.2,62.5,0.0,0.1,33.3,0.1,0.3,33.3,1.4,3.8,36.0
Pero Antic,ATL,31,0.9,1.5,63.9,0.1,0.4,22.2,0.3,0.7,51.5,0.1,0.4,37.5,0.2,0.3,62.5,0.3,0.7,42.9,0.8,2.8,28.8
Perry Jones III,OKC,22,0.6,0.9,63.5,0.2,0.4,60.9,0.2,0.7,31.1,0.2,0.6,40.0,0.2,0.3,46.2,0.4,0.9,44.4,0.1,0.4,27.3
Peyton Siva,DET,23,0.4,1.3,32.0,0.1,0.1,50.0,0.1,0.2,40.0,0.0,0.2,0.0,0.0,0.0,0.0,0.0,0.2,0.0,0.3,1.0,30.4
Phil Pressey,BOS,23,0.4,0.8,50.0,0.1,0.3,16.0,0.2,0.8,25.8,0.0,0.1,20.0,0.0,0.0,0.0,0.0,0.1,0.0,0.4,1.3,27.6
Quincy Acy,SAC,23,0.8,1.3,60.5,0.1,0.3,25.0,0.2,0.5,36.7,0.0,0.2,25.0,0.0,0.1,50.0,0.0,0.3,0.0,0.0,0.1,20.0
Quincy Miller,DEN,21,0.9,1.7,52.9,0.1,0.4,22.2,0.3,1.2,25.4,0.2,0.7,33.3,0.2,0.5,35.3,0.4,1.2,33.3,0.3,1.0,30.0
Quincy Pondexter,MEM,26,0.9,1.6,54.2,0.3,0.6,44.4,0.2,0.8,25.0,0.2,0.7,25.0,0.2,0.5,50.0,0.4,1.2,33.3,0.4,1.3,30.0
Rajon Rondo,BOS,28,2.3,4.4,51.9,0.5,1.9,26.8,1.0,2.4,43.7,0.0,0.1,50.0,0.1,0.3,25.0,0.1,0.4,25.0,0.8,2.6,29.1
Ramon Sessions,MIL,28,2.5,4.6,53.8,0.5,1.4,32.5,0.6,1.7,35.2,0.0,0.2,30.0,0.0,0.2,27.3,0.0,0.4,0.0,0.3,1.2,28.2
Randy Foye,DEN,30,1.1,1.9,55.8,0.2,0.7,30.0,0.8,2.0,41.6,0.3,0.6,43.8,0.3,0.5,46.3,0.6,1.1,54.5,1.8,5.0,36.8
Rashard Lewis,MIA,34,0.5,0.6,71.1,0.2,0.6,33.3,0.2,0.5,45.2,0.3,0.8,32.6,0.4,0.9,47.7,0.7,1.7,41.2,0.2,0.8,23.4
Rasual Butler,IND,35,0.3,0.4,68.8,0.0,0.1,33.3,0.3,0.7,44.8,0.3,0.8,33.3,0.2,0.7,29.4,0.5,1.5,33.3,0.3,0.6,55.6
Ray Allen,MIA,38,0.8,1.3,60.4,0.3,0.5,57.5,0.6,1.3,43.9,0.3,0.9,38.1,0.5,1.0,47.1,0.8,1.9,42.1,0.8,2.4,33.7
Ray McCallum,SAC,23,1.1,2.0,54.2,0.3,0.9,27.8,0.8,2.8,29.5,0.1,0.3,50.0,0.1,0.4,33.3,0.2,0.7,28.6,0.3,0.8,36.1
Raymond Felton,NYK,30,1.3,2.6,50.9,0.4,1.3,34.5,1.0,2.5,39.5,0.2,0.3,58.8,0.1,0.3,31.6,0.3,0.6,50.0,0.7,2.4,29.3
Reggie Bullock,LAC,23,0.3,0.4,78.6,0.1,0.2,33.3,0.2,0.7,28.6,0.4,0.5,66.7,0.1,0.4,30.0,0.5,0.9,55.6,0.3,1.2,22.0
Reggie Evans,SAC,34,1.1,2.0,56.1,0.2,0.7,30.6,0.0,0.1,0.0,0.0,0.0,0.0,0.0,0.0,0.0,0.0,0.0,-,0.0,0.0,0.0
Reggie Jackson,OKC,24,2.1,3.7,56.0,1.0,2.2,47.4,0.9,2.5,36.1,0.1,0.2,37.5,0.1,0.2,47.1,0.2,0.4,50.0,0.9,2.5,34.0
Reggie Williams,OKC,27,0.0,0.3,0.0,0.3,0.7,50.0,1.0,1.0,100,0.3,0.3,100,0.0,0.0,0.0,0.3,0.3,100,0.0,0.7,0.0
Richard Jefferson,UTA,34,1.2,1.8,67.5,0.3,0.8,33.3,0.6,1.6,34.6,0.3,0.7,47.2,0.4,0.7,49.1,0.7,1.4,50.0,0.9,2.3,36.6
Ricky Ledo,DAL,21,0.3,0.4,75.0,0.0,0.1,0.0,0.0,0.6,0.0,0.0,0.5,0.0,0.0,0.0,0.0,0.0,0.5,0.0,0.4,0.9,42.9
Ricky Rubio,MIN,23,1.7,3.6,47.9,0.1,0.4,31.4,0.7,2.6,28.6,0.0,0.2,18.8,0.0,0.1,27.3,0.0,0.3,0.0,0.5,1.3,36.2
Robbie Hummel,MIN,25,0.2,0.3,64.7,0.1,0.2,33.3,0.4,1.2,33.9,0.2,0.7,25.0,0.1,0.5,26.7,0.3,1.2,25.0,0.4,1.0,44.0
Robert Covington,HOU,23,0.0,0.0,0.0,0.2,0.4,50.0,0.2,0.2,100,0.0,0.0,0.0,0.7,1.3,50.0,0.7,1.3,53.8,0.3,1.0,28.6
Robert Sacre,LAL,25,1.1,1.5,69.0,0.7,1.8,39.8,0.4,1.3,33.3,0.0,0.0,0.0,0.0,0.0,0.0,0.0,0.0,-,0.0,0.0,0.0
Robin Lopez,POR,26,3.1,4.8,64.1,0.8,1.8,41.6,0.5,1.2,40.6,0.0,0.0,0.0,0.0,0.0,0.0,0.0,0.0,-,0.0,0.0,0.0
Rodney Stuckey,DET,28,2.2,3.7,60.3,0.9,2.5,38.5,1.6,4.4,37.0,0.1,0.4,25.9,0.2,0.3,50.0,0.3,0.7,42.9,0.1,0.5,17.1
Roger Mason Jr.,MIA,33,0.0,0.2,0.0,0.0,0.0,0.0,0.3,0.6,53.3,0.1,0.2,25.0,0.4,0.9,41.2,0.5,1.1,45.5,0.4,1.1,33.3
Ronnie Brewer,CHI,29,0.1,0.2,66.7,0.0,0.1,0.0,0.0,0.1,0.0,0.1,0.3,25.0,0.0,0.2,0.0,0.1,0.5,20.0,0.0,0.1,0.0
Ronnie Price,ORL,31,0.2,0.6,36.8,0.2,0.2,71.4,0.2,0.7,30.4,0.0,0.1,0.0,0.0,0.2,0.0,0.0,0.3,0.0,0.3,1.2,25.7
Ronny Turiaf,MIN,31,1.8,2.8,65.5,0.2,0.5,35.3,0.0,0.1,33.3,0.0,0.0,0.0,0.0,0.0,0.0,0.0,0.0,-,0.0,0.0,0.0
Roy Hibbert,IND,27,1.5,2.9,51.9,1.4,3.4,41.8,1.1,3.0,38.5,0.0,0.0,0.0,0.0,0.0,50.0,0.0,0.0,-,0.0,0.0,33.3
Royal Ivey,OKC,32,0.0,0.0,0.0,0.0,0.0,0.0,0.0,0.5,0.0,-,-,-,-,-,-,0.0,0.0,-,0.0,0.5,0.0
Royce White,SAC,23,0.0,0.0,0.0,0.0,0.0,0.0,0.0,0.3,0.0,-,-,-,-,-,-,0.0,0.0,-,0.0,0.0,0.0
Rudy Gay,SAC,27,2.9,4.8,61.1,1.4,3.2,43.8,2.1,5.4,39.0,0.1,0.3,27.8,0.1,0.4,30.8,0.2,0.7,28.6,0.7,2.1,34.0
Rudy Gobert,UTA,22,0.8,1.5,53.1,0.0,0.2,22.2,0.0,0.0,0.0,0.0,0.0,0.0,0.0,0.0,0.0,0.0,0.0,-,0.0,0.0,0.0
Russell Westbrook,OKC,25,3.5,6.2,56.1,0.5,1.5,30.4,2.1,4.8,43.5,0.1,0.2,33.3,0.1,0.2,42.9,0.2,0.4,50.0,1.3,4.3,31.5
Ryan Anderson,NOP,26,1.8,3.5,51.3,0.4,1.2,30.8,1.8,3.9,46.5,0.1,0.4,25.0,0.4,0.6,61.5,0.5,1.0,50.0,2.6,6.5,39.9
Ryan Gomes,OKC,31,0.0,0.0,0.0,0.2,0.2,100,0.4,1.0,40.0,0.0,0.2,0.0,0.0,0.5,0.0,0.0,0.7,0.0,0.0,0.0,0.0
Ryan Hollins,LAC,29,0.7,0.9,83.0,0.1,0.3,47.1,0.0,0.0,50.0,0.0,0.0,0.0,0.0,0.0,0.0,0.0,0.0,-,0.0,0.0,0.0
Ryan Kelly,LAL,23,1.0,1.6,61.5,0.3,0.9,33.3,0.5,1.3,40.5,0.1,0.4,26.3,0.1,0.3,42.9,0.2,0.7,28.6,0.6,1.8,33.9
Samuel Dalembert,DAL,34,2.2,3.4,62.8,0.3,0.7,39.0,0.2,0.5,44.2,0.0,0.0,0.0,0.0,0.0,0.0,0.0,0.0,-,0.0,0.0,0.0
Sasha Vujacic,LAC,30,0.0,0.0,0.0,0.0,1.0,0.0,0.5,1.0,50.0,0.0,1.0,0.0,0.0,0.0,0.0,0.0,1.0,0.0,0.5,0.5,100
Scotty Hopson,CLE,24,0.0,0.0,0.0,0.0,0.0,0.0,0.0,2.0,0.0,-,-,-,-,-,-,0.0,0.0,-,0.0,1.0,0.0
Serge Ibaka,OKC,24,3.1,4.5,68.5,0.7,1.6,40.8,2.5,5.3,46.9,0.2,0.5,35.9,0.0,0.1,30.0,0.2,0.6,33.3,0.1,0.1,54.5
Sergey Karasev,CLE,20,0.2,0.2,100,0.1,0.1,50.0,0.1,0.5,30.0,0.3,0.6,50.0,0.1,0.3,33.3,0.4,0.9,44.4,0.1,0.6,8.3
Seth Curry,CLE,23,0.0,0.0,0.0,0.0,0.5,0.0,0.0,0.5,0.0,1.0,1.0,100,0.0,0.0,0.0,1.0,1.0,100,0.0,0.0,0.0
Shabazz Muhammad,MIN,21,0.7,1.4,49.0,0.2,0.5,35.3,0.7,1.3,51.1,0.1,0.2,33.3,0.0,0.0,0.0,0.1,0.2,50.0,0.1,0.2,25.0
Shane Battier,MIA,35,0.3,0.5,61.8,0.1,0.3,45.5,0.0,0.1,11.1,0.2,0.6,37.5,0.3,0.9,40.7,0.5,1.5,33.3,0.5,1.5,30.6
Shane Edwards,CLE,27,0.5,1.0,50.0,0.0,0.0,0.0,0.0,1.0,0.0,0.0,0.0,0.0,0.0,0.0,0.0,0.0,0.0,-,0.0,0.0,0.0
Shane Larkin,DAL,21,0.4,0.7,58.1,0.2,0.6,41.7,0.3,1.0,27.3,0.1,0.2,40.0,0.0,0.0,100,0.1,0.2,50.0,0.2,0.7,28.1
Shannon Brown,NYK,28,0.7,1.1,64.3,0.0,0.3,16.7,0.2,1.3,16.7,0.0,0.0,0.0,0.0,0.0,0.0,0.0,0.0,-,0.0,0.1,0.0
Shaun Livingston,BKN,28,1.4,2.6,54.0,0.9,1.9,49.3,0.7,1.8,40.0,0.0,0.0,0.0,0.0,0.0,33.3,0.0,0.0,-,0.0,0.0,0.0
Shavlik Randolph,PHX,30,0.5,0.9,58.3,0.0,0.1,0.0,0.0,0.0,0.0,0.0,0.0,0.0,0.0,0.0,0.0,0.0,0.0,-,0.0,0.0,0.0
Shawn Marion,DAL,36,2.2,3.4,64.7,1.1,2.6,43.1,0.4,1.2,34.1,0.2,0.6,34.8,0.2,0.5,36.8,0.4,1.1,36.4,0.4,1.0,35.5
Shawne Williams,LAL,28,0.4,0.9,48.4,0.0,0.1,20.0,0.4,0.8,55.6,0.3,0.9,35.5,0.3,0.8,36.0,0.6,1.7,35.3,0.6,1.9,31.4
Shelvin Mack,ATL,24,1.1,2.0,54.1,0.4,1.0,41.7,0.5,1.4,38.4,0.1,0.3,23.5,0.2,0.4,42.9,0.3,0.7,42.9,0.6,1.9,33.1
Solomon Hill,IND,23,0.2,0.3,55.6,0.1,0.2,50.0,0.1,0.2,75.0,0.1,0.5,16.7,0.1,0.4,33.3,0.2,0.9,22.2,0.1,0.4,36.4
Solomon Jones,ORL,29,0.2,0.5,33.3,0.0,0.1,0.0,0.4,0.9,40.0,0.0,0.0,0.0,0.0,0.0,0.0,0.0,0.0,-,0.0,0.0,0.0
Spencer Hawes,CLE,26,2.1,3.6,57.0,0.7,1.9,37.3,0.7,1.7,39.6,0.1,0.2,42.1,0.0,0.1,0.0,0.1,0.3,33.3,1.5,3.6,42.3
Stephen Curry,GSW,26,1.7,2.9,60.0,0.7,1.7,42.5,2.6,5.2,48.7,0.3,0.7,48.1,0.1,0.3,37.5,0.4,1.0,40.0,2.9,6.8,42.5
Stephen Jackson,LAC,36,0.2,0.7,33.3,0.3,0.3,100,0.1,0.4,25.0,0.0,0.6,0.0,0.0,0.2,0.0,0.0,0.8,0.0,0.1,1.0,11.1
Steve Blake,GSW,34,0.3,0.5,58.6,0.1,0.2,25.0,0.6,1.9,33.3,0.3,0.6,47.1,0.2,0.5,32.1,0.5,1.1,45.5,1.0,2.6,37.2
Steve Nash,LAL,40,0.3,0.7,45.5,0.5,1.2,44.4,1.0,2.7,36.6,0.0,0.0,0.0,0.0,0.0,0.0,0.0,0.0,-,0.5,1.6,33.3
Steve Novak,TOR,31,0.0,0.0,0.0,0.0,0.0,0.0,0.2,0.4,36.4,0.2,0.8,30.8,0.3,0.4,66.7,0.5,1.2,41.7,0.7,1.7,42.9
Steven Adams,OKC,20,0.9,1.6,57.1,0.2,0.5,35.7,0.0,0.1,20.0,0.0,0.0,0.0,0.0,0.0,0.0,0.0,0.0,-,0.0,0.0,0.0
Taj Gibson,CHI,29,2.8,4.7,60.4,0.6,1.7,38.2,1.8,4.5,39.3,0.0,0.0,0.0,0.0,0.0,0.0,0.0,0.0,-,0.0,0.0,0.0
Tayshaun Prince,MEM,34,0.9,1.3,71.7,0.4,1.2,36.4,1.0,3.1,32.6,0.1,0.4,28.0,0.2,0.4,39.3,0.3,0.8,37.5,0.0,0.2,12.5
Terrence Jones,HOU,22,3.7,5.4,68.6,0.7,1.9,38.5,0.3,0.8,34.4,0.1,0.2,41.2,0.1,0.2,25.0,0.2,0.4,50.0,0.3,0.9,29.4
Terrence Ross,TOR,23,0.9,1.4,60.3,0.4,0.9,46.7,0.6,1.9,34.2,0.5,1.0,47.4,0.3,0.9,37.9,0.8,1.9,42.1,1.2,3.2,38.0
Thabo Sefolosha,OKC,30,1.1,1.9,60.2,0.1,0.3,23.8,0.3,0.9,37.0,0.3,0.8,36.4,0.2,0.7,31.7,0.5,1.5,33.3,0.3,1.1,28.4
Thaddeus Young,PHI,26,4.3,7.1,60.3,1.0,2.6,37.7,0.9,2.8,33.6,0.2,0.6,30.4,0.0,0.1,33.3,0.2,0.7,28.6,0.9,3.0,30.8
Thomas Robinson,POR,23,1.6,2.5,61.2,0.1,0.4,23.3,0.4,1.2,29.8,0.0,0.0,0.0,0.0,0.0,0.0,0.0,0.0,-,0.0,0.0,0.0
Tiago Splitter,SAS,29,2.4,4.0,60.8,0.5,1.5,34.1,0.1,0.3,40.0,0.0,0.0,0.0,0.0,0.0,0.0,0.0,0.0,-,0.0,0.0,0.0
Tim Duncan,SAS,38,2.8,4.4,64.7,1.4,3.0,46.9,1.8,4.8,36.7,0.0,0.0,0.0,0.0,0.0,0.0,0.0,0.0,-,0.0,0.1,0.0
Tim Hardaway Jr.,NYK,22,1.2,1.9,65.3,0.1,0.4,17.6,0.7,1.8,42.0,0.3,0.9,31.3,0.3,0.8,41.5,0.6,1.7,35.3,1.1,2.9,36.6
Timofey Mozgov,DEN,27,2.5,4.1,62.6,0.6,1.6,37.6,0.3,0.7,40.7,0.0,0.0,0.0,0.0,0.1,0.0,0.0,0.1,0.0,0.0,0.2,21.1
Tobias Harris,ORL,21,2.6,3.8,68.4,0.7,2.1,35.4,1.6,3.8,41.5,0.2,0.7,20.9,0.2,0.5,37.9,0.4,1.2,33.3,0.2,0.9,22.2
Toney Douglas,MIA,28,0.6,1.0,55.1,0.0,0.2,10.0,0.3,0.6,50.0,0.2,0.6,30.0,0.1,0.5,26.7,0.3,1.1,27.3,0.4,1.3,31.8
Tony Allen,MEM,32,2.9,4.5,63.2,0.2,0.7,29.7,0.4,1.4,30.4,0.0,0.2,18.2,0.1,0.4,38.9,0.1,0.6,16.7,0.0,0.3,13.3
Tony Mitchell,MIL,24,1.0,1.3,75.0,0.0,0.0,0.0,0.0,0.0,0.0,0.0,0.0,0.0,0.0,0.0,0.0,0.0,0.0,-,0.0,0.5,0.0
Tony Mitchell,DET,22,0.2,0.5,50.0,0.0,0.0,0.0,0.0,0.2,0.0,0.0,0.0,0.0,0.0,0.0,0.0,0.0,0.0,-,0.1,0.1,100
Tony Parker,SAS,32,3.1,5.1,59.9,1.1,2.5,44.0,2.2,4.9,44.8,0.2,0.4,44.0,0.1,0.2,33.3,0.3,0.6,50.0,0.1,0.4,33.3
Tony Snell,CHI,22,0.4,0.8,49.2,0.2,0.4,48.4,0.4,0.9,40.9,0.2,0.4,40.0,0.1,0.6,23.1,0.3,1.0,30.0,0.6,1.8,32.6
Tony Wroten,PHI,21,3.8,7.1,53.8,0.3,1.2,26.1,0.1,0.3,33.3,0.0,0.1,11.1,0.0,0.1,11.1,0.0,0.2,0.0,0.5,2.3,22.2
Tornike Shengelia,CHI,22,0.5,0.7,70.6,0.1,0.2,25.0,0.0,0.1,0.0,0.0,0.1,0.0,0.0,0.0,0.0,0.0,0.1,0.0,0.0,0.2,0.0
Toure' Murry,NYK,24,0.5,1.0,54.5,0.2,0.6,25.0,0.5,1.1,42.9,0.0,0.0,0.0,0.0,0.1,33.3,0.0,0.1,0.0,0.1,0.2,50.0
Travis Outlaw,SAC,29,0.3,0.6,56.4,0.3,0.6,42.1,0.8,2.1,38.6,0.1,0.4,28.6,0.1,0.2,50.0,0.2,0.6,33.3,0.5,1.4,34.9
Trevor Ariza,WAS,28,1.9,3.1,62.5,0.1,0.5,18.9,0.7,1.7,38.8,0.4,1.0,44.2,0.6,1.4,45.6,1.0,2.4,41.7,1.3,3.3,38.1
Trevor Booker,WAS,26,1.8,2.6,69.5,0.6,1.3,44.0,0.7,1.7,41.7,0.0,0.0,0.0,0.0,0.0,0.0,0.0,0.0,-,0.0,0.0,0.0
Trey Burke,UTA,21,1.1,2.2,49.0,0.5,1.5,35.6,1.7,4.3,38.8,0.1,0.4,33.3,0.1,0.2,46.7,0.2,0.6,33.3,1.4,4.2,32.8
Tristan Thompson,CLE,23,2.5,4.5,55.7,1.3,3.2,42.1,0.6,1.6,36.6,0.0,0.0,0.0,0.0,0.0,0.0,0.0,0.0,-,0.0,0.0,0.0
Troy Daniels,HOU,22,0.0,0.0,0.0,0.6,1.0,60.0,0.0,0.2,0.0,0.3,0.7,50.0,0.0,0.4,0.0,0.3,1.1,27.3,2.2,4.2,52.4
Ty Lawson,DEN,26,2.2,3.9,57.4,0.6,1.4,40.4,1.6,4.4,36.6,0.1,0.2,58.3,0.0,0.2,18.2,0.1,0.4,25.0,1.0,2.9,35.6
Tyler Hansbrough,TOR,28,1.1,2.1,54.1,0.3,0.6,41.0,0.1,0.3,22.7,0.0,0.0,0.0,0.0,0.0,0.0,0.0,0.0,-,0.0,0.0,0.0
Tyler Zeller,CLE,24,1.5,2.3,63.1,0.3,0.8,35.2,0.5,1.1,48.0,0.0,0.0,0.0,0.0,0.0,0.0,0.0,0.0,-,0.0,0.0,0.0
Tyreke Evans,NOP,24,4.3,8.2,52.8,0.5,1.6,29.7,0.3,1.3,25.3,0.0,0.1,20.0,0.0,0.2,27.3,0.0,0.3,0.0,0.2,0.9,23.5
Tyshawn Taylor,BKN,24,0.7,1.8,41.0,0.3,1.1,31.6,0.3,1.1,28.6,0.0,0.0,0.0,0.0,0.1,0.0,0.0,0.1,0.0,0.1,0.5,27.3
Tyson Chandler,NYK,31,3.1,4.7,65.9,0.1,0.4,22.7,0.3,0.7,39.0,0.0,0.0,0.0,0.0,0.0,0.0,0.0,0.0,-,0.0,0.0,0.0
Udonis Haslem,MIA,34,1.1,1.7,62.3,0.0,0.1,25.0,0.6,1.4,38.5,0.0,0.0,0.0,0.0,0.0,0.0,0.0,0.0,-,0.0,0.0,0.0
Vander Blue,BOS,21,0.3,0.3,100,0.3,0.3,100,0.0,0.3,0.0,0.0,0.0,0.0,0.0,1.0,0.0,0.0,1.0,0.0,0.0,0.0,0.0
Viacheslav Kravtsov,PHX,26,0.4,0.8,53.3,0.0,0.0,0.0,0.0,0.0,0.0,0.0,0.0,0.0,0.0,0.0,0.0,0.0,0.0,-,0.0,0.0,0.0
Victor Claver,POR,25,0.8,1.0,76.5,0.0,0.2,0.0,0.1,0.2,25.0,0.1,0.2,33.3,0.0,0.3,0.0,0.1,0.5,20.0,0.1,0.7,16.7
Victor Oladipo,ORL,22,2.6,4.9,53.8,0.2,1.0,21.0,1.1,3.0,38.1,0.1,0.2,30.8,0.1,0.2,36.4,0.2,0.4,50.0,0.8,2.5,33.3
Vince Carter,DAL,37,1.1,2.1,50.9,0.4,1.2,32.7,0.8,2.1,38.2,0.2,0.5,36.1,0.2,0.3,48.0,0.4,0.8,50.0,1.5,3.8,39.4
Vitor Faverani,BOS,26,0.9,1.7,54.7,0.3,0.6,43.5,0.2,0.5,35.0,0.0,0.0,0.0,0.0,0.0,0.0,0.0,0.0,-,0.3,1.1,30.0
Wayne Ellington,DAL,26,0.4,0.5,83.3,0.0,0.2,0.0,0.4,1.1,36.6,0.0,0.2,20.0,0.2,0.6,33.3,0.2,0.8,25.0,0.5,0.9,48.7
Wesley Johnson,LAL,26,1.4,2.3,62.4,0.1,0.4,30.3,0.7,2.1,33.1,0.2,0.7,36.7,0.2,0.6,34.7,0.4,1.3,30.8,0.8,2.2,38.0
Wesley Matthews,POR,27,1.6,2.5,61.2,0.5,1.3,39.4,0.9,2.2,40.8,0.6,1.4,43.9,0.3,0.9,31.4,0.9,2.3,39.1,1.6,4.0,39.4
Will Barton,POR,23,1.0,1.6,65.0,0.2,0.7,24.0,0.3,1.0,26.3,0.1,0.3,40.0,0.2,0.5,40.0,0.3,0.8,37.5,0.1,0.5,23.5
Will Bynum,DET,31,1.7,3.0,57.2,0.5,1.5,32.9,0.8,2.1,35.0,0.0,0.1,0.0,0.0,0.0,0.0,0.0,0.1,0.0,0.4,1.0,35.1
Willie Green,LAC,32,0.4,0.7,64.9,0.2,0.5,35.7,0.5,1.5,31.8,0.2,0.5,29.2,0.3,0.7,51.6,0.5,1.2,41.7,0.3,1.2,27.7
Wilson Chandler,DEN,27,1.8,3.0,60.8,0.4,1.1,36.6,0.7,2.1,35.4,0.5,1.0,45.2,0.4,1.1,38.6,0.9,2.1,42.9,1.1,3.5,31.2
Xavier Henry,LAL,23,1.7,3.2,52.2,0.3,0.9,28.9,0.8,2.0,37.5,0.1,0.3,30.0,0.1,0.2,71.4,0.2,0.5,40.0,0.5,1.5,31.7
Zach Randolph,MEM,32,3.3,6.2,53.8,1.9,4.2,44.5,1.9,4.5,41.2,0.0,0.0,50.0,0.0,0.0,0.0,0.0,0.0,-,0.0,0.2,6.7
Zaza Pachulia,MIL,30,1.8,3.7,49.0,0.3,1.0,25.5,0.7,1.8,40.2,0.0,0.0,0.0,0.0,0.0,0.0,0.0,0.0,-,0.0,0.0,0.0
